suburb,livable,Education,Commercial,Environment,Medication,Secrity,Industrial,Prison,Transportation,BUS,TRAM STATION,TRAIN STATION
RESERVOIR,27.85000000000001,33.0,1.0,9.0,2.0,1.0,0.0,0.0,317.0,302.0,11.0,4.0
FRANKSTON,26.499999999999996,36.0,3.0,24.0,4.0,1.0,0.0,0.0,217.0,215.0,0.0,2.0
BERWICK,23.7,32.0,2.0,18.0,3.0,1.0,0.0,0.0,210.0,209.0,0.0,1.0
WERRIBEE,23.2,27.0,1.0,18.0,4.0,1.0,0.0,0.0,229.0,227.0,0.0,2.0
PRESTON,22.199999999999996,33.0,4.0,4.0,3.0,2.0,0.0,0.0,207.0,165.0,40.0,2.0
MELBOURNE,21.549999999999997,20.0,14.0,23.0,3.0,2.0,0.0,0.0,184.0,54.0,127.0,3.0
SUNBURY,21.0,23.0,2.0,14.0,1.0,1.0,0.0,0.0,228.0,227.0,0.0,1.0
MORNINGTON,20.849999999999998,19.0,2.0,62.0,1.0,1.0,0.0,0.0,106.0,106.0,0.0,0.0
CROYDON,19.35,25.0,2.0,24.0,1.0,1.0,0.0,0.0,153.0,152.0,0.0,1.0
COBURG,18.45,23.0,2.0,22.0,4.0,1.0,0.0,0.0,143.0,105.0,36.0,2.0
KEW,17.85,25.0,3.0,21.0,6.0,1.0,0.0,0.0,115.0,68.0,47.0,0.0
WODONGA,16.9,19.0,1.0,70.0,3.0,1.0,0.0,0.0,0.0,0.0,0.0,0.0
HOPPERS CROSSING,16.75,25.0,0.0,3.0,2.0,0.0,0.0,0.0,170.0,170.0,0.0,0.0
EPPING,16.15,23.0,0.0,3.0,2.0,1.0,0.0,0.0,166.0,164.0,0.0,2.0
FOOTSCRAY,15.999999999999998,24.0,2.0,14.0,2.0,1.0,0.0,0.0,117.0,99.0,15.0,3.0
ENDEAVOUR HILLS,15.9,24.0,1.0,13.0,2.0,0.0,0.0,0.0,126.0,126.0,0.0,0.0
DANDENONG,15.899999999999999,15.0,3.0,16.0,4.0,1.0,0.0,0.0,156.0,155.0,0.0,1.0
CRAIGIEBURN,15.85,22.0,0.0,6.0,1.0,0.0,0.0,0.0,163.0,162.0,0.0,1.0
FERNTREE GULLY,15.849999999999998,21.0,3.0,11.0,4.0,1.0,0.0,0.0,134.0,133.0,0.0,1.0
PAKENHAM,15.75,26.0,1.0,3.0,1.0,1.0,0.0,0.0,140.0,138.0,0.0,2.0
RINGWOOD,15.55,19.0,3.0,20.0,1.0,1.0,0.0,0.0,121.0,119.0,0.0,2.0
MILDURA,15.55,26.0,7.0,41.0,3.0,1.0,0.0,0.0,0.0,0.0,0.0,0.0
ROWVILLE,15.55,21.0,0.0,11.0,2.0,0.0,0.0,0.0,146.0,146.0,0.0,0.0
MOUNT WAVERLEY,15.5,26.0,2.0,5.0,2.0,1.0,0.0,0.0,123.0,121.0,0.0,2.0
WARRNAMBOOL,15.099999999999998,34.0,3.0,23.0,6.0,1.0,0.0,0.0,0.0,0.0,0.0,0.0
BRIGHTON,14.6,22.0,4.0,6.0,3.0,1.0,0.0,0.0,115.0,111.0,0.0,4.0
TARNEIT,14.3,13.0,0.0,20.0,0.0,0.0,0.0,0.0,148.0,148.0,0.0,0.0
BUNDOORA,14.100000000000001,20.0,3.0,7.0,1.0,0.0,0.0,0.0,129.0,105.0,24.0,0.0
CAMBERWELL,14.05,11.0,2.0,14.0,5.0,1.0,0.0,0.0,145.0,58.0,82.0,5.0
CHELTENHAM,13.850000000000001,16.0,3.0,5.0,5.0,1.0,0.0,0.0,138.0,136.0,0.0,2.0
BORONIA,13.85,21.0,2.0,5.0,3.0,1.0,0.0,0.0,118.0,117.0,0.0,1.0
GREENSBOROUGH,13.85,22.0,1.0,11.0,1.0,1.0,0.0,0.0,103.0,102.0,0.0,1.0
BENTLEIGH EAST,13.75,18.0,1.0,3.0,4.0,1.0,0.0,0.0,141.0,141.0,0.0,0.0
DONCASTER EAST,13.25,18.0,2.0,4.0,3.0,1.0,0.0,0.0,128.0,128.0,0.0,0.0
BRUNSWICK,12.95,12.0,1.0,19.0,4.0,2.0,0.0,0.0,108.0,76.0,29.0,3.0
SHEPPARTON,12.85,34.0,1.0,10.0,6.0,1.0,0.0,0.0,0.0,0.0,0.0,0.0
BROADMEADOWS,12.7,23.0,2.0,4.0,2.0,1.0,0.0,0.0,89.0,88.0,0.0,1.0
ESSENDON,12.600000000000001,19.0,1.0,5.0,2.0,1.0,0.0,0.0,109.0,87.0,19.0,3.0
MOUNT MARTHA,12.5,7.0,1.0,42.0,0.0,0.0,0.0,0.0,79.0,79.0,0.0,0.0
GLENROY,12.2,18.0,1.0,12.0,1.0,1.0,0.0,0.0,89.0,86.0,0.0,3.0
KEYSBOROUGH,12.15,18.0,1.0,10.0,0.0,0.0,0.0,0.0,102.0,102.0,0.0,0.0
SEAFORD,11.950000000000001,15.0,1.0,16.0,1.0,1.0,0.0,0.0,91.0,89.0,0.0,2.0
BALWYN NORTH,11.900000000000002,15.0,1.0,11.0,1.0,0.0,0.0,0.0,109.0,96.0,13.0,0.0
MILL PARK,11.850000000000001,14.0,0.0,0.0,2.0,0.0,0.0,0.0,147.0,147.0,0.0,0.0
SPRINGVALE,11.65,21.0,1.0,3.0,1.0,1.0,0.0,0.0,88.0,86.0,0.0,2.0
NOBLE PARK,11.299999999999999,18.0,1.0,10.0,2.0,0.0,0.0,0.0,77.0,75.0,0.0,2.0
CORIO,11.25,24.0,2.0,24.0,1.0,0.0,0.0,0.0,0.0,0.0,0.0,0.0
HAWTHORN,11.2,13.0,1.0,18.0,2.0,1.0,0.0,0.0,78.0,22.0,53.0,3.0
WILLIAMSTOWN,11.2,9.0,14.0,19.0,2.0,1.0,0.0,0.0,61.0,59.0,0.0,2.0
GLEN IRIS,11.05,13.0,1.0,20.0,0.0,0.0,0.0,0.0,77.0,49.0,25.0,3.0
NORTHCOTE,11.0,11.0,1.0,12.0,0.0,1.0,0.0,0.0,108.0,73.0,30.0,5.0
MULGRAVE,11.0,15.0,3.0,1.0,1.0,0.0,0.0,0.0,115.0,115.0,0.0,0.0
ROSEBUD,10.8,8.0,2.0,19.0,0.0,1.0,0.0,0.0,103.0,103.0,0.0,0.0
SALE,10.75,24.0,3.0,20.0,0.0,1.0,0.0,0.0,0.0,0.0,0.0,0.0
HAMPTON PARK,10.700000000000001,17.0,1.0,1.0,1.0,0.0,0.0,0.0,103.0,103.0,0.0,0.0
LILYDALE,10.649999999999999,14.0,2.0,2.0,1.0,1.0,0.0,0.0,111.0,110.0,0.0,1.0
MOOROOLBARK,10.5,21.0,1.0,3.0,1.0,1.0,0.0,0.0,66.0,65.0,0.0,1.0
BURWOOD,10.45,20.0,0.0,1.0,1.0,1.0,0.0,0.0,81.0,62.0,19.0,0.0
RICHMOND,10.4,19.0,2.0,6.0,2.0,1.0,0.0,0.0,59.0,6.0,50.0,3.0
YARRAVILLE,10.25,11.0,3.0,14.0,0.0,1.0,0.0,0.0,85.0,84.0,0.0,1.0
ST KILDA,10.2,10.0,5.0,8.0,2.0,1.0,0.0,0.0,97.0,36.0,61.0,0.0
DONCASTER,10.15,13.0,2.0,2.0,1.0,0.0,0.0,0.0,110.0,110.0,0.0,0.0
THOMASTOWN,10.05,14.0,1.0,0.0,2.0,0.0,0.0,0.0,107.0,106.0,0.0,1.0
NEWPORT,9.9,12.0,2.0,19.0,0.0,1.0,0.0,0.0,59.0,57.0,0.0,2.0
SUNSHINE,9.85,11.0,1.0,12.0,0.0,0.0,0.0,0.0,91.0,90.0,0.0,1.0
MITCHAM,9.75,14.0,1.0,4.0,1.0,0.0,0.0,0.0,92.0,91.0,0.0,1.0
CARRUM DOWNS,9.75,13.0,0.0,3.0,1.0,0.0,0.0,0.0,105.0,105.0,0.0,0.0
LANGWARRIN,9.700000000000001,15.0,0.0,6.0,1.0,0.0,0.0,0.0,83.0,83.0,0.0,0.0
HAMILTON,9.55,25.0,1.0,9.0,3.0,1.0,0.0,0.0,0.0,0.0,0.0,0.0
MENTONE,9.3,16.0,2.0,3.0,2.0,1.0,0.0,0.0,66.0,65.0,0.0,1.0
TEMPLESTOWE,9.3,8.0,0.0,5.0,2.0,0.0,0.0,0.0,117.0,117.0,0.0,0.0
ALTONA,9.3,10.0,2.0,17.0,1.0,0.0,0.0,0.0,64.0,62.0,0.0,2.0
CLAYTON,9.299999999999999,12.0,2.0,3.0,5.0,1.0,0.0,0.0,81.0,80.0,0.0,1.0
ELTHAM,9.25,12.0,1.0,14.0,4.0,1.0,0.0,0.0,53.0,52.0,0.0,1.0
THORNBURY,9.2,14.0,1.0,5.0,1.0,0.0,0.0,0.0,78.0,60.0,17.0,1.0
CRANBOURNE,9.149999999999999,16.0,2.0,2.0,3.0,1.0,0.0,0.0,63.0,62.0,0.0,1.0
MORWELL,8.95,21.0,1.0,13.0,3.0,1.0,0.0,0.0,0.0,0.0,0.0,0.0
SOUTH YARRA,8.95,12.0,2.0,4.0,2.0,1.0,0.0,0.0,79.0,36.0,41.0,2.0
LALOR,8.850000000000001,15.0,0.0,1.0,1.0,0.0,0.0,0.0,80.0,79.0,0.0,1.0
TRARALGON,8.8,28.0,1.0,0.0,1.0,1.0,0.0,0.0,0.0,0.0,0.0,0.0
NEWTOWN,8.7,16.0,0.0,26.0,0.0,0.0,0.0,0.0,0.0,0.0,0.0,0.0
BOX HILL,8.7,11.0,2.0,3.0,2.0,1.0,0.0,0.0,84.0,79.0,4.0,1.0
HILLSIDE,8.65,10.0,0.0,21.0,2.0,0.0,0.0,0.0,44.0,44.0,0.0,0.0
WANGARATTA,8.5,21.0,1.0,10.0,3.0,1.0,0.0,0.0,0.0,0.0,0.0,0.0
BALWYN,8.399999999999999,12.0,1.0,12.0,1.0,1.0,0.0,0.0,52.0,44.0,8.0,0.0
FAWKNER,8.35,12.0,1.0,2.0,2.0,1.0,0.0,0.0,78.0,78.0,0.0,0.0
MELTON,8.35,7.0,1.0,19.0,2.0,1.0,0.0,0.0,57.0,57.0,0.0,0.0
BRAYBROOK,8.35,15.0,1.0,9.0,0.0,0.0,0.0,0.0,47.0,47.0,0.0,0.0
CARLTON,8.2,11.0,2.0,9.0,2.0,2.0,0.0,0.0,55.0,40.0,15.0,0.0
BRIGHTON EAST,8.05,13.0,0.0,6.0,0.0,0.0,0.0,0.0,65.0,55.0,10.0,0.0
SOUTH MORANG,8.000000000000002,10.0,0.0,1.0,0.0,0.0,1.0,0.0,97.0,95.0,0.0,2.0
BLACKBURN,8.0,9.0,2.0,7.0,0.0,0.0,0.0,0.0,77.0,75.0,0.0,2.0
ASCOT VALE,7.9,10.0,1.0,6.0,2.0,0.0,0.0,0.0,70.0,45.0,24.0,1.0
ALTONA MEADOWS,7.800000000000001,8.0,0.0,18.0,2.0,0.0,0.0,0.0,48.0,48.0,0.0,0.0
TEMPLESTOWE LOWER,7.800000000000001,14.0,0.0,2.0,1.0,0.0,0.0,0.0,63.0,63.0,0.0,0.0
NUNAWADING,7.8,12.0,1.0,3.0,0.0,1.0,0.0,0.0,69.0,68.0,0.0,1.0
IVANHOE,7.75,11.0,1.0,5.0,2.0,0.0,0.0,0.0,63.0,61.0,0.0,2.0
BEAUMARIS,7.699999999999999,12.0,1.0,5.0,1.0,1.0,0.0,0.0,59.0,59.0,0.0,0.0
DOVETON,7.65,13.0,0.0,11.0,1.0,1.0,0.0,0.0,37.0,37.0,0.0,0.0
MARIBYRNONG,7.6499999999999995,6.0,2.0,9.0,1.0,0.0,0.0,0.0,81.0,52.0,29.0,0.0
SOMERVILLE,7.6499999999999995,9.0,0.0,25.0,1.0,0.0,2.0,0.0,24.0,23.0,0.0,1.0
TOORAK,7.6,13.0,3.0,1.0,2.0,0.0,0.0,0.0,55.0,24.0,30.0,1.0
BAYSWATER,7.549999999999999,12.0,2.0,2.0,1.0,0.0,0.0,0.0,63.0,62.0,0.0,1.0
BULLEEN,7.549999999999999,13.0,2.0,3.0,2.0,0.0,0.0,0.0,52.0,52.0,0.0,0.0
PORTLAND,7.45,14.0,6.0,14.0,1.0,1.0,0.0,0.0,0.0,0.0,0.0,0.0
TRUGANINA,7.300000000000001,9.0,0.0,8.0,0.0,0.0,0.0,0.0,68.0,68.0,0.0,0.0
PASCOE VALE,7.3,10.0,0.0,8.0,0.0,0.0,0.0,0.0,61.0,60.0,0.0,1.0
KEILOR EAST,7.2,10.0,0.0,6.0,0.0,0.0,0.0,0.0,66.0,66.0,0.0,0.0
SANDRINGHAM,7.199999999999999,12.0,1.0,5.0,2.0,1.0,0.0,0.0,45.0,44.0,0.0,1.0
KILSYTH,7.15,11.0,1.0,5.0,1.0,0.0,0.0,0.0,56.0,56.0,0.0,0.0
MARYBOROUGH,7.15,14.0,2.0,16.0,1.0,1.0,0.0,0.0,0.0,0.0,0.0,0.0
DIAMOND CREEK,7.1,12.0,0.0,6.0,2.0,1.0,0.0,0.0,43.0,42.0,0.0,1.0
TORQUAY,7.0,11.0,0.0,24.0,0.0,1.0,0.0,0.0,0.0,0.0,0.0,0.0
GREENVALE,6.9,10.0,0.0,3.0,1.0,0.0,0.0,0.0,66.0,66.0,0.0,0.0
BELMONT,6.8999999999999995,11.0,1.0,22.0,1.0,0.0,0.0,0.0,0.0,0.0,0.0,0.0
MOONEE PONDS,6.8500000000000005,6.0,1.0,5.0,1.0,1.0,0.0,0.0,77.0,56.0,20.0,1.0
WARRAGUL,6.85,15.0,1.0,12.0,2.0,1.0,0.0,0.0,0.0,0.0,0.0,0.0
DOREEN,6.700000000000001,7.0,0.0,0.0,1.0,0.0,0.0,0.0,89.0,89.0,0.0,0.0
BURWOOD EAST,6.7,10.0,0.0,3.0,0.0,0.0,0.0,0.0,65.0,52.0,13.0,0.0
HAMPTON,6.699999999999999,7.0,1.0,4.0,3.0,0.0,0.0,0.0,67.0,66.0,0.0,1.0
DONVALE,6.65,11.0,0.0,3.0,0.0,0.0,0.0,0.0,58.0,58.0,0.0,0.0
ELSTERNWICK,6.65,12.0,1.0,0.0,0.0,1.0,0.0,0.0,55.0,41.0,13.0,1.0
ARMADALE,6.6,10.0,1.0,1.0,3.0,0.0,0.0,0.0,55.0,23.0,30.0,2.0
HASTINGS,6.550000000000001,7.0,2.0,16.0,2.0,1.0,0.0,0.0,26.0,25.0,0.0,1.0
SOUTH MELBOURNE,6.550000000000001,9.0,3.0,4.0,1.0,2.0,0.0,0.0,49.0,17.0,32.0,0.0
BRUNSWICK EAST,6.5,5.0,1.0,15.0,0.0,0.0,0.0,0.0,52.0,33.0,19.0,0.0
HIGHTON,6.449999999999999,11.0,0.0,20.0,1.0,0.0,0.0,0.0,0.0,0.0,0.0,0.0
RYE,6.449999999999999,3.0,2.0,10.0,0.0,1.0,0.0,0.0,73.0,73.0,0.0,0.0
LAVERTON,6.3999999999999995,10.0,1.0,12.0,1.0,1.0,0.0,0.0,22.0,20.0,0.0,2.0
MALVERN,6.3,9.0,0.0,5.0,1.0,1.0,0.0,0.0,50.0,1.0,47.0,2.0
DROMANA,6.250000000000001,4.0,2.0,14.0,0.0,1.0,0.0,0.0,51.0,51.0,0.0,0.0
FRANKSTON NORTH,6.25,11.0,0.0,6.0,1.0,0.0,0.0,0.0,38.0,38.0,0.0,0.0
BAIRNSDALE,6.25,13.0,2.0,12.0,1.0,1.0,0.0,0.0,0.0,0.0,0.0,0.0
MOUNT EVELYN,6.199999999999999,12.0,0.0,2.0,0.0,1.0,0.0,0.0,44.0,44.0,0.0,0.0
PARKVILLE,6.15,4.0,3.0,5.0,6.0,1.0,0.0,0.0,54.0,24.0,29.0,1.0
SYDENHAM,6.15,11.0,0.0,7.0,2.0,0.0,0.0,0.0,30.0,30.0,0.0,0.0
OAKLEIGH SOUTH,6.15,7.0,0.0,2.0,1.0,0.0,0.0,0.0,72.0,72.0,0.0,0.0
WANTIRNA,6.1499999999999995,11.0,1.0,2.0,1.0,0.0,0.0,0.0,45.0,45.0,0.0,0.0
ECHUCA,6.1,15.0,3.0,5.0,2.0,1.0,0.0,0.0,0.0,0.0,0.0,0.0
HEALESVILLE,6.050000000000001,8.0,1.0,8.0,1.0,1.0,0.0,0.0,41.0,41.0,0.0,0.0
BENDIGO,6.05,15.0,2.0,6.0,3.0,1.0,0.0,1.0,0.0,0.0,0.0,0.0
CANTERBURY,6.05,11.0,1.0,9.0,1.0,0.0,0.0,0.0,21.0,19.0,1.0,1.0
WENDOUREE,6.0,16.0,2.0,6.0,0.0,0.0,0.0,0.0,0.0,0.0,0.0,0.0
NORLANE,5.949999999999999,13.0,0.0,13.0,0.0,1.0,0.0,0.0,0.0,0.0,0.0,0.0
ELWOOD,5.9,9.0,1.0,5.0,0.0,1.0,0.0,0.0,44.0,39.0,5.0,0.0
BENTLEIGH,5.9,8.0,2.0,0.0,2.0,1.0,0.0,0.0,54.0,52.0,0.0,2.0
OAKLEIGH,5.9,6.0,3.0,0.0,2.0,1.0,0.0,0.0,63.0,61.0,0.0,2.0
DINGLEY VILLAGE,5.8500000000000005,6.0,0.0,6.0,0.0,0.0,0.0,0.0,63.0,63.0,0.0,0.0
MORDIALLOC,5.85,5.0,2.0,8.0,2.0,1.0,0.0,0.0,48.0,47.0,0.0,1.0
AIRPORT WEST,5.85,7.0,1.0,2.0,2.0,0.0,0.0,0.0,60.0,49.0,11.0,0.0
FITZROY,5.800000000000001,10.0,1.0,1.0,4.0,1.0,0.0,0.0,36.0,8.0,28.0,0.0
SORRENTO,5.75,3.0,2.0,14.0,0.0,1.0,0.0,0.0,47.0,47.0,0.0,0.0
HEATHMONT,5.699999999999999,9.0,0.0,9.0,4.0,0.0,0.0,0.0,20.0,19.0,0.0,1.0
ASHBURTON,5.65,8.0,1.0,10.0,0.0,1.0,0.0,0.0,28.0,26.0,0.0,2.0
ARARAT,5.6499999999999995,11.0,3.0,10.0,2.0,1.0,0.0,0.0,0.0,0.0,0.0,0.0
BOX HILL NORTH,5.6,7.0,0.0,3.0,1.0,0.0,0.0,0.0,58.0,58.0,0.0,0.0
HORSHAM,5.550000000000001,13.0,1.0,7.0,3.0,1.0,1.0,0.0,0.0,0.0,0.0,0.0
VERMONT,5.550000000000001,8.0,1.0,3.0,0.0,0.0,0.0,0.0,51.0,51.0,0.0,0.0
MALLACOOTA,5.5,4.0,5.0,23.0,0.0,1.0,0.0,0.0,0.0,0.0,0.0,0.0
MOORABBIN,5.5,8.0,0.0,2.0,0.0,1.0,0.0,0.0,53.0,52.0,0.0,1.0
STAWELL,5.35,14.0,1.0,5.0,1.0,1.0,0.0,0.0,0.0,0.0,0.0,0.0
MOE,5.35,14.0,1.0,5.0,1.0,1.0,0.0,0.0,0.0,0.0,0.0,0.0
DALLAS,5.35,13.0,1.0,2.0,0.0,0.0,0.0,0.0,20.0,20.0,0.0,0.0
BENALLA,5.35,13.0,2.0,5.0,2.0,1.0,0.0,0.0,0.0,0.0,0.0,0.0
EAST MELBOURNE,5.25,2.0,1.0,17.0,1.0,1.0,0.0,0.0,32.0,9.0,21.0,2.0
CARNEGIE,5.2,5.0,2.0,1.0,1.0,0.0,0.0,0.0,60.0,46.0,12.0,2.0
KEILOR DOWNS,5.2,6.0,0.0,7.0,1.0,0.0,0.0,0.0,44.0,44.0,0.0,0.0
DOCKLANDS,5.1,3.0,4.0,7.0,1.0,1.0,0.0,0.0,45.0,16.0,28.0,1.0
MERNDA,5.050000000000001,6.0,0.0,0.0,0.0,0.0,0.0,0.0,64.0,63.0,0.0,1.0
SCORESBY,5.050000000000001,5.0,1.0,5.0,0.0,0.0,0.0,0.0,53.0,53.0,0.0,0.0
HALLAM,5.05,6.0,0.0,2.0,1.0,0.0,0.0,0.0,55.0,54.0,0.0,1.0
MURRUMBEENA,5.0,6.0,1.0,3.0,0.0,1.0,0.0,0.0,49.0,48.0,0.0,1.0
ORMOND,4.949999999999999,9.0,1.0,2.0,0.0,0.0,0.0,0.0,35.0,34.0,0.0,1.0
OCEAN GROVE,4.9,8.0,1.0,13.0,2.0,1.0,0.0,0.0,0.0,0.0,0.0,0.0
LARA,4.9,7.0,0.0,18.0,0.0,1.0,0.0,0.0,0.0,0.0,0.0,0.0
MAIDSTONE,4.9,4.0,0.0,11.0,1.0,1.0,0.0,0.0,36.0,35.0,1.0,0.0
KYABRAM,4.9,14.0,1.0,2.0,1.0,1.0,0.0,0.0,0.0,0.0,0.0,0.0
STRATHMORE,4.8,8.0,0.0,2.0,0.0,0.0,0.0,0.0,42.0,42.0,0.0,0.0
MONTMORENCY,4.699999999999999,9.0,0.0,2.0,1.0,0.0,0.0,0.0,30.0,29.0,0.0,1.0
ALBERT PARK,4.65,7.0,2.0,5.0,1.0,0.0,0.0,0.0,27.0,8.0,19.0,0.0
HEIDELBERG,4.65,6.0,1.0,6.0,2.0,1.0,0.0,0.0,27.0,26.0,0.0,1.0
ROSANNA,4.6,6.0,1.0,2.0,1.0,0.0,0.0,0.0,43.0,42.0,0.0,1.0
AVONDALE HEIGHTS,4.6,7.0,1.0,1.0,0.0,1.0,0.0,0.0,42.0,42.0,0.0,0.0
CHURCHILL,4.6,11.0,0.0,7.0,1.0,2.0,1.0,0.0,0.0,0.0,0.0,0.0
SEYMOUR,4.6,11.0,1.0,6.0,1.0,1.0,0.0,0.0,0.0,0.0,0.0,0.0
WEST MELBOURNE,4.550000000000001,5.0,3.0,5.0,0.0,0.0,0.0,0.0,36.0,28.0,7.0,1.0
OFFICER,4.55,12.0,0.0,0.0,0.0,0.0,0.0,0.0,18.0,17.0,0.0,1.0
MACLEOD,4.5,7.0,0.0,1.0,2.0,0.0,0.0,0.0,38.0,37.0,0.0,1.0
HADFIELD,4.5,5.0,0.0,5.0,0.0,0.0,0.0,0.0,44.0,43.0,0.0,1.0
MOOROOPNA,4.45,10.0,1.0,6.0,2.0,1.0,0.0,0.0,0.0,0.0,0.0,0.0
YARRAWONGA,4.449999999999999,11.0,2.0,4.0,1.0,1.0,0.0,0.0,0.0,0.0,0.0,0.0
CHIRNSIDE PARK,4.4,5.0,0.0,2.0,1.0,0.0,0.0,0.0,49.0,49.0,0.0,0.0
CAULFIELD,4.4,4.0,1.0,0.0,4.0,1.0,0.0,0.0,47.0,26.0,21.0,0.0
KURUNJANG,4.4,3.0,0.0,10.0,1.0,0.0,0.0,0.0,37.0,37.0,0.0,0.0
TULLAMARINE,4.3999999999999995,4.0,1.0,2.0,0.0,0.0,0.0,0.0,55.0,55.0,0.0,0.0
SEBASTOPOL,4.35,12.0,0.0,5.0,0.0,0.0,0.0,0.0,0.0,0.0,0.0,0.0
FLEMINGTON,4.35,8.0,1.0,4.0,1.0,1.0,0.0,0.0,18.0,4.0,13.0,1.0
HIGHETT,4.35,5.0,1.0,3.0,0.0,0.0,0.0,0.0,44.0,43.0,0.0,1.0
PARKDALE,4.300000000000001,5.0,0.0,4.0,3.0,0.0,0.0,0.0,34.0,33.0,0.0,1.0
COBRAM,4.3,10.0,1.0,6.0,1.0,1.0,0.0,0.0,0.0,0.0,0.0,0.0
CAMPERDOWN,4.3,9.0,1.0,8.0,1.0,1.0,0.0,0.0,0.0,0.0,0.0,0.0
KEILOR,4.3,5.0,0.0,7.0,1.0,0.0,0.0,0.0,32.0,32.0,0.0,0.0
SOUTHBANK,4.25,5.0,1.0,4.0,1.0,0.0,0.0,0.0,37.0,11.0,26.0,0.0
WARRANDYTE,4.25,4.0,0.0,3.0,1.0,1.0,0.0,0.0,47.0,47.0,0.0,0.0
NEWBOROUGH,4.2,10.0,1.0,5.0,2.0,0.0,0.0,0.0,0.0,0.0,0.0,0.0
MYRTLEFORD,4.2,7.0,1.0,12.0,1.0,1.0,1.0,0.0,0.0,0.0,0.0,0.0
KNOXFIELD,4.15,3.0,0.0,3.0,1.0,0.0,0.0,0.0,53.0,53.0,0.0,0.0
KEW EAST,4.1,5.0,1.0,4.0,0.0,0.0,0.0,0.0,37.0,28.0,9.0,0.0
PRAHRAN,4.1,6.0,1.0,0.0,1.0,0.0,0.0,0.0,39.0,13.0,25.0,1.0
MONTROSE,4.1,5.0,0.0,4.0,0.0,0.0,0.0,0.0,40.0,40.0,0.0,0.0
KENSINGTON,4.1,3.0,0.0,9.0,3.0,0.0,0.0,0.0,26.0,19.0,5.0,2.0
ALPHINGTON,4.1,7.0,0.0,3.0,1.0,0.0,0.0,0.0,27.0,26.0,0.0,1.0
ASPENDALE,4.05,9.0,0.0,2.0,0.0,0.0,0.0,0.0,20.0,19.0,0.0,1.0
COOLAROO,4.05,6.0,0.0,1.0,0.0,0.0,0.0,0.0,41.0,40.0,0.0,1.0
CHELSEA,4.05,6.0,1.0,1.0,2.0,1.0,0.0,0.0,30.0,29.0,0.0,1.0
GEELONG,4.0,5.0,6.0,9.0,1.0,1.0,0.0,0.0,0.0,0.0,0.0,0.0
UPWEY,4.0,6.0,0.0,2.0,1.0,0.0,0.0,0.0,34.0,33.0,0.0,1.0
WINDSOR,4.0,9.0,1.0,0.0,0.0,0.0,0.0,0.0,22.0,7.0,14.0,1.0
TYABB,4.0,5.0,1.0,9.0,1.0,0.0,0.0,0.0,16.0,15.0,0.0,1.0
COLLINGWOOD,3.9000000000000004,8.0,1.0,0.0,2.0,0.0,0.0,0.0,21.0,12.0,9.0,0.0
NEWCOMB,3.9,6.0,0.0,14.0,0.0,0.0,0.0,0.0,0.0,0.0,0.0,0.0
FAIRFIELD,3.8999999999999995,4.0,1.0,1.0,2.0,0.0,0.0,0.0,41.0,40.0,0.0,1.0
LEOPOLD,3.8999999999999995,4.0,0.0,18.0,0.0,0.0,0.0,0.0,0.0,0.0,0.0,0.0
BEACONSFIELD,3.8500000000000005,7.0,0.0,3.0,0.0,0.0,0.0,0.0,25.0,24.0,0.0,1.0
HUGHESDALE,3.85,6.0,0.0,0.0,1.0,0.0,0.0,0.0,38.0,38.0,0.0,0.0
SOMERS,3.85,2.0,0.0,14.0,0.0,0.0,0.0,0.0,23.0,23.0,0.0,0.0
GLADSTONE PARK,3.8499999999999996,6.0,1.0,2.0,0.0,0.0,0.0,0.0,32.0,32.0,0.0,0.0
VIEWBANK,3.8499999999999996,5.0,0.0,6.0,1.0,0.0,0.0,0.0,26.0,26.0,0.0,0.0
HARKNESS,3.8000000000000003,2.0,0.0,9.0,0.0,0.0,0.0,0.0,37.0,37.0,0.0,0.0
ASHWOOD,3.8,6.0,0.0,3.0,0.0,0.0,0.0,0.0,31.0,31.0,0.0,0.0
IRYMPLE,3.75,8.0,2.0,7.0,0.0,0.0,0.0,0.0,0.0,0.0,0.0,0.0
BLAIRGOWRIE,3.75,0.0,0.0,16.0,0.0,0.0,0.0,0.0,27.0,27.0,0.0,0.0
LEONGATHA,3.6,10.0,2.0,1.0,1.0,0.0,0.0,0.0,0.0,0.0,0.0,0.0
WATSONIA,3.55,4.0,0.0,4.0,1.0,0.0,0.0,0.0,31.0,30.0,0.0,1.0
DELAHEY,3.55,5.0,0.0,2.0,0.0,0.0,0.0,0.0,35.0,35.0,0.0,0.0
ABBOTSFORD,3.45,5.0,2.0,1.0,0.0,1.0,0.0,0.0,26.0,13.0,11.0,2.0
GROVEDALE,3.45,7.0,0.0,8.0,1.0,0.0,0.0,0.0,0.0,0.0,0.0,0.0
WHITTLESEA,3.3500000000000005,7.0,0.0,0.0,0.0,1.0,0.0,0.0,23.0,23.0,0.0,0.0
CARLTON NORTH,3.35,3.0,1.0,3.0,0.0,0.0,0.0,0.0,37.0,21.0,16.0,0.0
HEATHERTON,3.35,2.0,0.0,6.0,1.0,0.0,0.0,0.0,34.0,34.0,0.0,0.0
CLARINDA,3.3499999999999996,4.0,0.0,1.0,1.0,0.0,0.0,0.0,37.0,37.0,0.0,0.0
PORTSEA,3.3499999999999996,0.0,1.0,17.0,0.0,0.0,0.0,0.0,13.0,13.0,0.0,0.0
CLIFTON HILL,3.3,4.0,0.0,7.0,0.0,0.0,0.0,0.0,20.0,16.0,3.0,1.0
DRYSDALE,3.25,9.0,1.0,2.0,0.0,1.0,0.0,0.0,0.0,0.0,0.0,0.0
CAPEL SOUND,3.1999999999999997,1.0,0.0,4.0,1.0,0.0,0.0,0.0,43.0,43.0,0.0,0.0
BROOKFIELD,3.15,2.0,0.0,8.0,1.0,0.0,0.0,0.0,24.0,24.0,0.0,0.0
ALBION,3.15,3.0,0.0,5.0,2.0,0.0,0.0,0.0,23.0,22.0,0.0,1.0
CAMPBELLFIELD,3.15,3.0,0.0,1.0,0.0,0.0,0.0,0.0,41.0,40.0,0.0,1.0
WONTHAGGI,3.1,7.0,1.0,4.0,1.0,1.0,0.0,0.0,0.0,0.0,0.0,0.0
WESTMEADOWS,3.1,3.0,0.0,1.0,1.0,1.0,0.0,0.0,36.0,36.0,0.0,0.0
WINCHELSEA,3.0999999999999996,3.0,1.0,12.0,1.0,1.0,0.0,0.0,0.0,0.0,0.0,0.0
EDITHVALE,3.0500000000000003,3.0,0.0,3.0,1.0,0.0,0.0,0.0,30.0,29.0,0.0,1.0
TOOTGAROOK,3.0500000000000003,2.0,0.0,5.0,1.0,0.0,0.0,0.0,31.0,31.0,0.0,0.0
MOUNT DANDENONG,3.0500000000000003,2.0,0.0,4.0,0.0,0.0,0.0,0.0,37.0,37.0,0.0,0.0
CHADSTONE,3.0,5.0,0.0,2.0,1.0,0.0,0.0,0.0,21.0,21.0,0.0,0.0
DERRIMUT,3.0,3.0,0.0,6.0,0.0,0.0,0.0,0.0,24.0,24.0,0.0,0.0
PARK ORCHARDS,3.0,4.0,0.0,4.0,0.0,0.0,0.0,0.0,24.0,24.0,0.0,0.0
KILMORE,2.95,7.0,1.0,0.0,4.0,1.0,0.0,0.0,0.0,0.0,0.0,0.0
STRATFORD,2.9499999999999997,3.0,1.0,12.0,0.0,1.0,0.0,0.0,0.0,0.0,0.0,0.0
BRIGHT,2.9499999999999997,3.0,1.0,12.0,0.0,1.0,0.0,0.0,0.0,0.0,0.0,0.0
BELL PARK,2.85,7.0,0.0,5.0,0.0,0.0,0.0,0.0,0.0,0.0,0.0,0.0
CAIRNLEA,2.8499999999999996,3.0,0.0,6.0,2.0,0.0,0.0,0.0,15.0,15.0,0.0,0.0
DROUIN,2.8,7.0,1.0,3.0,0.0,1.0,0.0,0.0,0.0,0.0,0.0,0.0
CORRYONG,2.8,6.0,1.0,2.0,3.0,1.0,0.0,0.0,0.0,0.0,0.0,0.0
MICKLEHAM,2.7,2.0,0.0,3.0,0.0,0.0,0.0,0.0,33.0,33.0,0.0,0.0
BROOKLYN,2.7,3.0,0.0,3.0,0.0,0.0,0.0,0.0,27.0,27.0,0.0,0.0
CASTLEMAINE,2.7,7.0,1.0,1.0,2.0,0.0,0.0,0.0,0.0,0.0,0.0,0.0
DARLEY,2.6999999999999997,9.0,0.0,0.0,0.0,0.0,0.0,0.0,0.0,0.0,0.0,0.0
GISBORNE,2.6500000000000004,7.0,1.0,1.0,1.0,1.0,0.0,0.0,0.0,0.0,0.0,0.0
BEECHWORTH,2.6500000000000004,7.0,1.0,1.0,1.0,1.0,0.0,0.0,0.0,0.0,0.0,0.0
DIGGERS REST,2.65,2.0,0.0,9.0,0.0,0.0,0.0,0.0,13.0,12.0,0.0,1.0
WALLAN,2.65,8.0,0.0,0.0,1.0,1.0,0.0,0.0,0.0,0.0,0.0,0.0
YARRAM,2.65,6.0,2.0,2.0,1.0,1.0,0.0,0.0,0.0,0.0,0.0,0.0
EAGLEHAWK,2.65,5.0,1.0,6.0,0.0,1.0,0.0,0.0,0.0,0.0,0.0,0.0
TRAFALGAR,2.65,6.0,2.0,3.0,0.0,1.0,0.0,0.0,0.0,0.0,0.0,0.0
SPOTSWOOD,2.5999999999999996,3.0,0.0,6.0,0.0,0.0,0.0,0.0,15.0,14.0,0.0,1.0
NIDDRIE,2.5999999999999996,3.0,1.0,0.0,0.0,0.0,0.0,0.0,31.0,27.0,4.0,0.0
KORUMBURRA,2.5,4.0,1.0,5.0,2.0,1.0,0.0,0.0,0.0,0.0,0.0,0.0
OUYEN,2.5,5.0,1.0,3.0,2.0,1.0,0.0,0.0,0.0,0.0,0.0,0.0
NHILL,2.5,6.0,2.0,0.0,2.0,1.0,0.0,0.0,0.0,0.0,0.0,0.0
HOPETOUN,2.5,6.0,2.0,1.0,1.0,1.0,0.0,0.0,0.0,0.0,0.0,0.0
DIMBOOLA,2.5,6.0,1.0,2.0,1.0,1.0,0.0,0.0,0.0,0.0,0.0,0.0
ABERFELDIE,2.45,5.0,0.0,1.0,0.0,0.0,0.0,0.0,16.0,16.0,0.0,0.0
ALEXANDRA,2.4000000000000004,5.0,1.0,2.0,2.0,1.0,0.0,0.0,1.0,1.0,0.0,0.0
RUTHERGLEN,2.4,4.0,7.0,0.0,1.0,0.0,0.0,0.0,0.0,0.0,0.0,0.0
GEMBROOK,2.4,2.0,0.0,6.0,0.0,0.0,0.0,0.0,18.0,18.0,0.0,0.0
KYNETON,2.3499999999999996,6.0,1.0,1.0,1.0,1.0,0.0,0.0,0.0,0.0,0.0,0.0
BOORT,2.3499999999999996,4.0,1.0,5.0,1.0,1.0,0.0,0.0,0.0,0.0,0.0,0.0
KEALBA,2.3499999999999996,3.0,0.0,3.0,0.0,0.0,0.0,0.0,20.0,20.0,0.0,0.0
AINTREE,2.3,1.0,0.0,7.0,0.0,0.0,0.0,0.0,19.0,19.0,0.0,0.0
WOLLERT,2.3,4.0,0.0,0.0,0.0,0.0,0.0,0.0,22.0,22.0,0.0,0.0
BURNSIDE,2.3,1.0,0.0,7.0,0.0,0.0,0.0,0.0,19.0,19.0,0.0,0.0
HURSTBRIDGE,2.3,4.0,0.0,5.0,0.0,1.0,0.0,0.0,4.0,3.0,0.0,1.0
SEAHOLME,2.3,2.0,0.0,9.0,0.0,0.0,0.0,0.0,6.0,5.0,0.0,1.0
BELLFIELD,2.25,3.0,0.0,5.0,0.0,0.0,0.0,0.0,12.0,12.0,0.0,0.0
LYNBROOK,2.25,4.0,0.0,2.0,0.0,0.0,0.0,0.0,15.0,15.0,0.0,0.0
KENNINGTON,2.25,7.0,0.0,1.0,0.0,0.0,0.0,0.0,0.0,0.0,0.0,0.0
KINGSBURY,2.25,4.0,0.0,0.0,0.0,0.0,0.0,0.0,21.0,18.0,3.0,0.0
BITTERN,2.25,2.0,0.0,8.0,0.0,0.0,0.0,0.0,8.0,7.0,0.0,1.0
CARRUM,2.25,2.0,0.0,0.0,1.0,0.0,0.0,0.0,29.0,28.0,0.0,1.0
MANSFIELD,2.2,5.0,2.0,1.0,1.0,1.0,0.0,0.0,0.0,0.0,0.0,0.0
BACCHUS MARSH,2.2,5.0,1.0,1.0,2.0,1.0,0.0,0.0,0.0,0.0,0.0,0.0
COHUNA,2.2,4.0,1.0,4.0,1.0,1.0,0.0,0.0,0.0,0.0,0.0,0.0
WARRACKNABEAL,2.2,4.0,1.0,2.0,3.0,1.0,0.0,0.0,0.0,0.0,0.0,0.0
DAYLESFORD,2.2,5.0,1.0,1.0,2.0,1.0,0.0,0.0,0.0,0.0,0.0,0.0
KERANG,2.1999999999999997,6.0,1.0,0.0,1.0,1.0,0.0,0.0,0.0,0.0,0.0,0.0
MORTLAKE,2.1999999999999997,6.0,1.0,0.0,1.0,1.0,0.0,0.0,0.0,0.0,0.0,0.0
BALNARRING,2.15,2.0,0.0,8.0,1.0,0.0,0.0,0.0,4.0,4.0,0.0,0.0
BRIAR HILL,2.15,4.0,0.0,1.0,0.0,0.0,0.0,0.0,16.0,16.0,0.0,0.0
WARBURTON,2.1,2.0,1.0,5.0,0.0,1.0,1.0,0.0,12.0,12.0,0.0,0.0
BAXTER,2.0999999999999996,3.0,0.0,4.0,0.0,0.0,0.0,0.0,11.0,10.0,0.0,1.0
PORTARLINGTON,2.05,2.0,1.0,8.0,0.0,1.0,0.0,0.0,0.0,0.0,0.0,0.0
ROSEDALE,2.05,2.0,1.0,8.0,0.0,1.0,0.0,0.0,0.0,0.0,0.0,0.0
COWES,2.05,4.0,1.0,4.0,0.0,1.0,0.0,0.0,0.0,0.0,0.0,0.0
CRESWICK,2.05,4.0,1.0,3.0,1.0,1.0,0.0,0.0,0.0,0.0,0.0,0.0
TALLANGATTA,2.05,5.0,1.0,1.0,1.0,1.0,0.0,0.0,0.0,0.0,0.0,0.0
CHARLTON,2.05,6.0,1.0,0.0,0.0,1.0,0.0,0.0,0.0,0.0,0.0,0.0
WOODEND,2.05,4.0,1.0,2.0,2.0,1.0,0.0,0.0,0.0,0.0,0.0,0.0
BUNYIP,2.05,4.0,1.0,3.0,1.0,1.0,0.0,0.0,0.0,0.0,0.0,0.0
BALACLAVA,2.0,4.0,1.0,0.0,1.0,0.0,0.0,0.0,9.0,2.0,6.0,1.0
TRAVANCORE,2.0,4.0,0.0,1.0,1.0,0.0,0.0,0.0,10.0,1.0,9.0,0.0
BONBEACH,2.0,3.0,0.0,2.0,0.0,0.0,0.0,0.0,15.0,14.0,0.0,1.0
ALBANVALE,1.9500000000000002,2.0,0.0,3.0,0.0,0.0,0.0,0.0,18.0,18.0,0.0,0.0
ALFREDTON,1.95,4.0,0.0,4.0,1.0,0.0,0.0,0.0,0.0,0.0,0.0,0.0
MCCRAE,1.95,1.0,0.0,1.0,0.0,0.0,0.0,0.0,30.0,30.0,0.0,0.0
WHITTINGTON,1.95,4.0,0.0,4.0,1.0,0.0,0.0,0.0,0.0,0.0,0.0,0.0
COLERAINE,1.95,3.0,1.0,5.0,1.0,0.0,0.0,0.0,0.0,0.0,0.0,0.0
THOMSON,1.95,4.0,0.0,5.0,0.0,0.0,0.0,0.0,0.0,0.0,0.0,0.0
MARLO,1.9499999999999997,2.0,1.0,8.0,0.0,0.0,0.0,0.0,0.0,0.0,0.0,0.0
LITTLE RIVER,1.9499999999999997,2.0,0.0,9.0,0.0,0.0,0.0,0.0,0.0,0.0,0.0,0.0
MARYSVILLE,1.9499999999999997,1.0,0.0,10.0,0.0,1.0,1.0,0.0,3.0,3.0,0.0,0.0
CLIFTON SPRINGS,1.9499999999999997,2.0,0.0,9.0,0.0,0.0,0.0,0.0,0.0,0.0,0.0,0.0
FOSTER,1.9,4.0,1.0,2.0,1.0,1.0,0.0,0.0,0.0,0.0,0.0,0.0
APOLLO BAY,1.9,3.0,2.0,3.0,1.0,1.0,0.0,0.0,0.0,0.0,0.0,0.0
TATURA,1.9,5.0,1.0,0.0,1.0,1.0,0.0,0.0,0.0,0.0,0.0,0.0
QUEENSCLIFF,1.9,3.0,3.0,3.0,0.0,1.0,0.0,0.0,0.0,0.0,0.0,0.0
MURTOA,1.9,5.0,1.0,0.0,1.0,1.0,0.0,0.0,0.0,0.0,0.0,0.0
PEARCEDALE,1.8499999999999999,3.0,0.0,2.0,0.0,0.0,1.0,0.0,15.0,15.0,0.0,0.0
CAULFIELD EAST,1.7999999999999998,3.0,0.0,0.0,1.0,0.0,0.0,0.0,14.0,10.0,3.0,1.0
PAYNESVILLE,1.7999999999999998,3.0,0.0,5.0,1.0,0.0,0.0,0.0,0.0,0.0,0.0,0.0
PANTON HILL,1.7999999999999998,1.0,0.0,9.0,1.0,0.0,0.0,0.0,0.0,0.0,0.0,0.0
ARDEER,1.75,2.0,0.0,3.0,0.0,0.0,0.0,0.0,14.0,14.0,0.0,0.0
DONALD,1.75,4.0,1.0,1.0,1.0,1.0,0.0,0.0,0.0,0.0,0.0,0.0
WILLIAMS LANDING,1.7,0.0,0.0,1.0,1.0,0.0,0.0,0.0,27.0,26.0,0.0,1.0
MONT ALBERT,1.6500000000000001,1.0,0.0,0.0,0.0,0.0,0.0,0.0,26.0,19.0,6.0,1.0
DEEPDENE,1.65,2.0,0.0,3.0,1.0,0.0,0.0,0.0,9.0,0.0,9.0,0.0
BARANDUDA,1.65,3.0,0.0,5.0,0.0,0.0,0.0,0.0,0.0,0.0,0.0,0.0
BALLAN,1.6,4.0,1.0,0.0,1.0,1.0,0.0,0.0,0.0,0.0,0.0,0.0
YARRAGON,1.6,4.0,1.0,1.0,0.0,1.0,0.0,0.0,0.0,0.0,0.0,0.0
JACANA,1.6,2.0,0.0,1.0,0.0,0.0,0.0,0.0,17.0,17.0,0.0,0.0
INVERLOCH,1.5999999999999999,2.0,0.0,6.0,0.0,1.0,0.0,0.0,0.0,0.0,0.0,0.0
HEATHCOTE,1.5999999999999999,3.0,1.0,2.0,1.0,1.0,0.0,0.0,0.0,0.0,0.0,0.0
PENSHURST,1.5999999999999999,3.0,1.0,2.0,1.0,1.0,0.0,0.0,0.0,0.0,0.0,0.0
YALLAMBIE,1.55,2.0,0.0,1.0,1.0,0.0,0.0,0.0,13.0,13.0,0.0,0.0
BANGHOLME,1.5499999999999998,3.0,0.0,0.0,0.0,0.0,0.0,0.0,13.0,13.0,0.0,0.0
EUMEMMERRING,1.5499999999999998,2.0,0.0,4.0,0.0,0.0,0.0,0.0,7.0,7.0,0.0,0.0
LOWER PLENTY,1.5499999999999998,2.0,0.0,2.0,0.0,0.0,0.0,0.0,13.0,13.0,0.0,0.0
ROMSEY,1.5,4.0,1.0,1.0,0.0,0.0,0.0,0.0,0.0,0.0,0.0,0.0
MERRIGUM,1.5,4.0,0.0,2.0,0.0,0.0,0.0,0.0,0.0,0.0,0.0,0.0
BOTANIC RIDGE,1.4500000000000002,2.0,0.0,0.0,0.0,0.0,0.0,0.0,17.0,17.0,0.0,0.0
MCKINNON,1.4500000000000002,1.0,0.0,0.0,0.0,0.0,0.0,0.0,22.0,21.0,0.0,1.0
CLYDE,1.45,3.0,0.0,0.0,0.0,0.0,0.0,0.0,11.0,11.0,0.0,0.0
TONGALA,1.45,4.0,1.0,0.0,0.0,1.0,0.0,0.0,0.0,0.0,0.0,0.0
SKIPTON,1.45,2.0,1.0,3.0,1.0,1.0,0.0,0.0,0.0,0.0,0.0,0.0
MALDON,1.45,3.0,1.0,1.0,1.0,1.0,0.0,0.0,0.0,0.0,0.0,0.0
MACEDON,1.45,3.0,0.0,2.0,1.0,1.0,0.0,0.0,0.0,0.0,0.0,0.0
SEABROOK,1.4,2.0,0.0,2.0,0.0,0.0,0.0,0.0,10.0,10.0,0.0,0.0
CREMORNE,1.4,1.0,0.0,1.0,2.0,1.0,0.0,0.0,10.0,0.0,9.0,1.0
LANCEFIELD,1.4,4.0,0.0,0.0,0.0,2.0,0.0,0.0,0.0,0.0,0.0,0.0
KIALLA,1.35,2.0,1.0,4.0,0.0,0.0,0.0,0.0,0.0,0.0,0.0,0.0
EILDON,1.35,2.0,1.0,2.0,1.0,1.0,0.0,0.0,1.0,1.0,0.0,0.0
PLENTY,1.35,1.0,0.0,3.0,0.0,0.0,0.0,0.0,12.0,12.0,0.0,0.0
CALIFORNIA GULLY,1.3499999999999999,3.0,0.0,3.0,0.0,0.0,0.0,0.0,0.0,0.0,0.0,0.0
BEACONSFIELD UPPER,1.3499999999999999,3.0,0.0,3.0,0.0,0.0,0.0,0.0,0.0,0.0,0.0,0.0
RIPPLESIDE,1.3499999999999999,1.0,3.0,4.0,0.0,0.0,0.0,0.0,0.0,0.0,0.0,0.0
NEW GISBORNE,1.3499999999999999,4.0,0.0,1.0,0.0,0.0,0.0,0.0,0.0,0.0,0.0,0.0
LYNDHURST,1.3,1.0,0.0,1.0,0.0,0.0,0.0,0.0,16.0,15.0,0.0,1.0
LINDENOW,1.2999999999999998,3.0,1.0,1.0,0.0,1.0,0.0,0.0,0.0,0.0,0.0,0.0
ATTWOOD,1.2999999999999998,3.0,0.0,0.0,1.0,0.0,0.0,0.0,5.0,5.0,0.0,0.0
ANGLESEA,1.2999999999999998,2.0,0.0,4.0,0.0,1.0,0.0,0.0,0.0,0.0,0.0,0.0
BUNINYONG,1.2999999999999998,2.0,1.0,3.0,0.0,1.0,0.0,0.0,0.0,0.0,0.0,0.0
BARWON HEADS,1.2999999999999998,2.0,0.0,4.0,0.0,1.0,0.0,0.0,0.0,0.0,0.0,0.0
ROCKBANK,1.25,2.0,0.0,2.0,0.0,0.0,0.0,0.0,7.0,7.0,0.0,0.0
MOOLAP,1.25,2.0,1.0,4.0,0.0,0.0,1.0,0.0,0.0,0.0,0.0,0.0
TOORADIN,1.2000000000000002,2.0,0.0,1.0,1.0,0.0,0.0,0.0,6.0,6.0,0.0,0.0
TORRUMBARRY,1.2,2.0,0.0,4.0,0.0,0.0,0.0,0.0,0.0,0.0,0.0,0.0
LONGWARRY,1.2,3.0,1.0,1.0,0.0,0.0,0.0,0.0,0.0,0.0,0.0,0.0
GARFIELD,1.2,3.0,1.0,1.0,0.0,0.0,0.0,0.0,0.0,0.0,0.0,0.0
METUNG,1.2,2.0,0.0,4.0,0.0,0.0,0.0,0.0,0.0,0.0,0.0,0.0
CORINELLA,1.2,3.0,0.0,2.0,0.0,0.0,0.0,0.0,0.0,0.0,0.0,0.0
MADDINGLEY,1.2,3.0,0.0,1.0,1.0,0.0,0.0,0.0,0.0,0.0,0.0,0.0
STRATHTULLOH,1.2,1.0,0.0,4.0,0.0,0.0,0.0,0.0,6.0,6.0,0.0,0.0
POINT LONSDALE,1.2,1.0,1.0,5.0,0.0,0.0,0.0,0.0,0.0,0.0,0.0,0.0
NARRE WARREN EAST,1.2,1.0,0.0,2.0,1.0,0.0,0.0,0.0,9.0,9.0,0.0,0.0
LYSTERFIELD,1.2,1.0,0.0,1.0,0.0,0.0,0.0,0.0,15.0,15.0,0.0,0.0
SEDDON,1.15,0.0,0.0,1.0,0.0,0.0,0.0,0.0,19.0,18.0,0.0,1.0
KOOYONG,1.15,0.0,0.0,5.0,0.0,0.0,0.0,0.0,7.0,0.0,6.0,1.0
BENDOC,1.15,2.0,0.0,3.0,0.0,1.0,0.0,0.0,0.0,0.0,0.0,0.0
TANGAMBALANGA,1.15,3.0,1.0,0.0,0.0,1.0,0.0,0.0,0.0,0.0,0.0,0.0
DONNYBROOK,1.1,2.0,0.0,2.0,0.0,0.0,0.0,0.0,4.0,4.0,0.0,0.0
KALORAMA,1.1,0.0,0.0,2.0,0.0,0.0,0.0,0.0,16.0,16.0,0.0,0.0
BEVERIDGE,1.05,2.0,0.0,0.0,0.0,0.0,0.0,0.0,9.0,9.0,0.0,0.0
BURNLEY,1.05,1.0,0.0,3.0,0.0,0.0,0.0,0.0,5.0,0.0,4.0,1.0
SEVILLE,1.05,2.0,0.0,0.0,0.0,0.0,0.0,0.0,9.0,9.0,0.0,0.0
STRATHFIELDSAYE,1.0499999999999998,3.0,0.0,1.0,0.0,0.0,0.0,0.0,0.0,0.0,0.0,0.0
DELACOMBE,1.0499999999999998,3.0,0.0,1.0,0.0,0.0,0.0,0.0,0.0,0.0,0.0,0.0
BROADFORD,1.0499999999999998,3.0,1.0,0.0,0.0,1.0,1.0,0.0,0.0,0.0,0.0,0.0
LAKE GARDENS,1.0499999999999998,3.0,0.0,1.0,0.0,0.0,0.0,0.0,0.0,0.0,0.0,0.0
HUNTLY,1.0499999999999998,2.0,1.0,2.0,0.0,0.0,0.0,0.0,0.0,0.0,0.0,0.0
MOUNT MACEDON,1.0499999999999998,3.0,0.0,1.0,0.0,0.0,0.0,0.0,0.0,0.0,0.0,0.0
NEWINGTON,1.0499999999999998,3.0,0.0,1.0,0.0,0.0,0.0,0.0,0.0,0.0,0.0,0.0
NERRINA,1.0499999999999998,3.0,0.0,1.0,0.0,0.0,0.0,0.0,0.0,0.0,0.0,0.0
BOOLE POOLE,1.0499999999999998,0.0,1.0,6.0,0.0,0.0,0.0,0.0,0.0,0.0,0.0,0.0
QUAMBATOOK,1.0,2.0,0.0,2.0,0.0,1.0,0.0,0.0,0.0,0.0,0.0,0.0
NATIMUK,1.0,2.0,1.0,1.0,0.0,1.0,0.0,0.0,0.0,0.0,0.0,0.0
PETERBOROUGH,0.9999999999999999,0.0,0.0,6.0,0.0,1.0,0.0,0.0,0.0,0.0,0.0,0.0
RIDDELLS CREEK,0.9999999999999999,3.0,0.0,0.0,0.0,1.0,0.0,0.0,0.0,0.0,0.0,0.0
YAN YEAN,0.9000000000000001,1.0,0.0,0.0,0.0,0.0,0.0,0.0,12.0,12.0,0.0,0.0
ARMSTRONG CREEK,0.8999999999999999,3.0,0.0,0.0,0.0,0.0,0.0,0.0,0.0,0.0,0.0,0.0
LENEVA,0.8999999999999999,2.0,0.0,2.0,0.0,0.0,0.0,0.0,0.0,0.0,0.0,0.0
GREAT WESTERN,0.8999999999999999,1.0,4.0,0.0,0.0,0.0,0.0,0.0,0.0,0.0,0.0,0.0
EYNESBURY,0.8999999999999999,1.0,0.0,4.0,0.0,0.0,0.0,0.0,0.0,0.0,0.0,0.0
KINGSVILLE,0.8500000000000001,1.0,0.0,0.0,0.0,0.0,0.0,0.0,11.0,11.0,0.0,0.0
LOCH,0.85,2.0,0.0,1.0,0.0,1.0,0.0,0.0,0.0,0.0,0.0,0.0
KALKALLO,0.8,2.0,0.0,0.0,0.0,0.0,0.0,0.0,4.0,4.0,0.0,0.0
GOWANBRAE,0.8,0.0,0.0,0.0,0.0,0.0,0.0,0.0,16.0,16.0,0.0,0.0
CONNEWARRE,0.75,0.0,0.0,5.0,0.0,0.0,0.0,0.0,0.0,0.0,0.0,0.0
LUCAS,0.75,2.0,0.0,1.0,0.0,0.0,0.0,0.0,0.0,0.0,0.0,0.0
SEASPRAY,0.75,1.0,1.0,2.0,0.0,0.0,0.0,0.0,0.0,0.0,0.0,0.0
REDAN,0.75,2.0,0.0,1.0,0.0,0.0,0.0,0.0,0.0,0.0,0.0,0.0
DUMBALK,0.75,2.0,0.0,1.0,0.0,0.0,0.0,0.0,0.0,0.0,0.0,0.0
TALLYGAROOPNA,0.75,2.0,0.0,1.0,0.0,0.0,0.0,0.0,0.0,0.0,0.0,0.0
NYORA,0.75,1.0,1.0,2.0,0.0,0.0,0.0,0.0,0.0,0.0,0.0,0.0
RED HILL,0.75,2.0,0.0,1.0,0.0,0.0,0.0,0.0,0.0,0.0,0.0,0.0
CHRISTMAS HILLS,0.75,1.0,0.0,3.0,0.0,0.0,0.0,0.0,0.0,0.0,0.0,0.0
THOONA,0.75,2.0,0.0,1.0,0.0,0.0,0.0,0.0,0.0,0.0,0.0,0.0
BARINGHUP,0.75,1.0,0.0,3.0,0.0,0.0,0.0,0.0,0.0,0.0,0.0,0.0
MERRIJIG,0.75,2.0,0.0,1.0,0.0,0.0,0.0,0.0,0.0,0.0,0.0,0.0
HAWKESDALE,0.75,2.0,0.0,0.0,1.0,0.0,0.0,0.0,0.0,0.0,0.0,0.0
EASTWOOD,0.75,2.0,0.0,1.0,0.0,0.0,0.0,0.0,0.0,0.0,0.0,0.0
HARRIETVILLE,0.75,1.0,0.0,3.0,0.0,0.0,0.0,0.0,0.0,0.0,0.0,0.0
YINNAR,0.75,2.0,1.0,0.0,0.0,0.0,0.0,0.0,0.0,0.0,0.0,0.0
EAGLEMONT,0.7,0.0,0.0,2.0,0.0,0.0,0.0,0.0,7.0,6.0,0.0,1.0
SKYE,0.7,1.0,0.0,0.0,0.0,0.0,0.0,0.0,8.0,8.0,0.0,0.0
FORREST,0.7,2.0,0.0,0.0,0.0,1.0,0.0,0.0,0.0,0.0,0.0,0.0
BANNOCKBURN,0.7,2.0,0.0,0.0,0.0,1.0,0.0,0.0,0.0,0.0,0.0,0.0
KALLISTA,0.7,1.0,0.0,1.0,0.0,0.0,0.0,0.0,5.0,5.0,0.0,0.0
HUNTINGDALE,0.6000000000000001,1.0,0.0,0.0,0.0,0.0,0.0,0.0,6.0,6.0,0.0,0.0
RIPPONLEA,0.6000000000000001,0.0,0.0,0.0,0.0,0.0,0.0,0.0,11.0,6.0,4.0,1.0
BELLARINE,0.6,2.0,0.0,0.0,0.0,0.0,0.0,0.0,0.0,0.0,0.0,0.0
BUXTON,0.6,2.0,0.0,0.0,0.0,0.0,1.0,0.0,2.0,2.0,0.0,0.0
CALLIGNEE,0.6,2.0,0.0,0.0,0.0,0.0,0.0,0.0,0.0,0.0,0.0,0.0
CARLISLE RIVER,0.6,2.0,0.0,0.0,0.0,0.0,0.0,0.0,0.0,0.0,0.0,0.0
BAROOGA,0.6,0.0,0.0,4.0,0.0,0.0,0.0,0.0,0.0,0.0,0.0,0.0
BONEO,0.6,1.0,0.0,2.0,0.0,0.0,0.0,0.0,0.0,0.0,0.0,0.0
IRONBARK,0.6,1.0,0.0,2.0,0.0,0.0,0.0,0.0,0.0,0.0,0.0,0.0
CAPE WOOLAMAI,0.6,0.0,1.0,3.0,0.0,0.0,0.0,0.0,0.0,0.0,0.0,0.0
EPSOM,0.6,1.0,1.0,1.0,0.0,0.0,0.0,0.0,0.0,0.0,0.0,0.0
EPPALOCK,0.6,0.0,0.0,4.0,0.0,0.0,0.0,0.0,0.0,0.0,0.0,0.0
ANAKIE,0.6,1.0,0.0,2.0,0.0,0.0,0.0,0.0,0.0,0.0,0.0,0.0
WURRUK,0.6,1.0,0.0,2.0,0.0,0.0,0.0,0.0,0.0,0.0,0.0,0.0
COBBLEBANK,0.6,0.0,0.0,3.0,0.0,0.0,0.0,0.0,3.0,3.0,0.0,0.0
ARNOLD,0.6,1.0,0.0,2.0,0.0,0.0,0.0,0.0,0.0,0.0,0.0,0.0
LONGLEA,0.6,1.0,0.0,2.0,0.0,0.0,0.0,0.0,0.0,0.0,0.0,0.0
DARTMOUTH,0.6,1.0,0.0,2.0,0.0,0.0,0.0,0.0,0.0,0.0,0.0,0.0
NEWBRIDGE,0.6,1.0,0.0,2.0,0.0,0.0,0.0,0.0,0.0,0.0,0.0,0.0
KNOWSLEY,0.6,1.0,0.0,2.0,0.0,0.0,0.0,0.0,0.0,0.0,0.0,0.0
DALYSTON,0.6,1.0,0.0,2.0,0.0,0.0,0.0,0.0,0.0,0.0,0.0,0.0
BLIND BIGHT,0.55,0.0,0.0,0.0,0.0,0.0,0.0,0.0,11.0,11.0,0.0,0.0
BRANXHOLME,0.55,1.0,0.0,1.0,0.0,1.0,0.0,0.0,0.0,0.0,0.0,0.0
KINGLAKE,0.5,1.0,0.0,1.0,0.0,0.0,0.0,0.0,1.0,1.0,0.0,0.0
GARDENVALE,0.45,0.0,0.0,0.0,0.0,0.0,0.0,0.0,9.0,9.0,0.0,0.0
BARKERS CREEK,0.44999999999999996,1.0,0.0,1.0,0.0,0.0,0.0,0.0,0.0,0.0,0.0,0.0
MURRAYDALE,0.44999999999999996,1.0,0.0,1.0,0.0,0.0,0.0,0.0,0.0,0.0,0.0,0.0
BREAKWATER,0.44999999999999996,0.0,0.0,3.0,0.0,0.0,0.0,0.0,0.0,0.0,0.0,0.0
TAWONGA SOUTH,0.44999999999999996,1.0,0.0,1.0,0.0,0.0,0.0,0.0,0.0,0.0,0.0,0.0
SWAN REACH,0.44999999999999996,1.0,0.0,1.0,0.0,0.0,0.0,0.0,0.0,0.0,0.0,0.0
MYRNIONG,0.44999999999999996,1.0,1.0,0.0,0.0,0.0,0.0,0.0,0.0,0.0,0.0,0.0
BELLBRAE,0.44999999999999996,1.0,0.0,1.0,0.0,0.0,0.0,0.0,0.0,0.0,0.0,0.0
GUILDFORD,0.44999999999999996,1.0,1.0,0.0,0.0,0.0,0.0,0.0,0.0,0.0,0.0,0.0
DRIFFIELD,0.44999999999999996,1.0,0.0,1.0,0.0,0.0,0.0,0.0,0.0,0.0,0.0,0.0
STRATHMERTON,0.44999999999999996,1.0,0.0,1.0,0.0,0.0,0.0,0.0,0.0,0.0,0.0,0.0
DRUMCONDRA,0.44999999999999996,0.0,1.0,2.0,0.0,0.0,0.0,0.0,0.0,0.0,0.0,0.0
ARCHERTON,0.44999999999999996,1.0,0.0,1.0,0.0,0.0,0.0,0.0,0.0,0.0,0.0,0.0
HEXHAM,0.44999999999999996,1.0,0.0,1.0,0.0,0.0,0.0,0.0,0.0,0.0,0.0,0.0
DEANSIDE,0.4,1.0,0.0,0.0,0.0,0.0,0.0,0.0,2.0,2.0,0.0,0.0
TALLAROOK,0.4,1.0,0.0,0.0,0.0,1.0,0.0,0.0,0.0,0.0,0.0,0.0
SANDHURST,0.4,0.0,0.0,0.0,0.0,0.0,0.0,0.0,8.0,8.0,0.0,0.0
CASTLE DONNINGTON,0.3,1.0,0.0,0.0,0.0,0.0,0.0,0.0,0.0,0.0,0.0,0.0
BIG HILL,0.3,1.0,0.0,0.0,0.0,0.0,0.0,0.0,0.0,0.0,0.0,0.0
FYANSFORD,0.3,1.0,0.0,0.0,0.0,0.0,0.0,0.0,0.0,0.0,0.0,0.0
BAYLES,0.3,1.0,0.0,0.0,0.0,0.0,0.0,0.0,0.0,0.0,0.0,0.0
CARDINIA,0.3,1.0,0.0,0.0,0.0,0.0,0.0,0.0,0.0,0.0,0.0,0.0
EXFORD,0.3,1.0,0.0,0.0,0.0,0.0,0.0,0.0,0.0,0.0,0.0,0.0
BYLANDS,0.3,1.0,0.0,0.0,0.0,0.0,0.0,0.0,0.0,0.0,0.0,0.0
KADNOOK,0.3,1.0,0.0,0.0,0.0,0.0,0.0,0.0,0.0,0.0,0.0,0.0
MARSHALL,0.3,0.0,0.0,2.0,0.0,0.0,0.0,0.0,0.0,0.0,0.0,0.0
KALIMNA,0.3,0.0,0.0,2.0,0.0,0.0,0.0,0.0,0.0,0.0,0.0,0.0
MERRIMU,0.3,0.0,0.0,2.0,0.0,0.0,0.0,0.0,0.0,0.0,0.0,0.0
EAGLE POINT,0.3,1.0,0.0,0.0,0.0,0.0,0.0,0.0,0.0,0.0,0.0,0.0
AIRLY,0.3,1.0,0.0,0.0,0.0,0.0,0.0,0.0,0.0,0.0,0.0,0.0
CANADIAN,0.3,0.0,0.0,2.0,0.0,0.0,0.0,0.0,0.0,0.0,0.0,0.0
PLUMPTON,0.3,1.0,0.0,0.0,0.0,0.0,0.0,0.0,0.0,0.0,0.0,0.0
ARCADIA,0.3,1.0,0.0,0.0,0.0,0.0,0.0,0.0,0.0,0.0,0.0,0.0
EUREKA,0.3,0.0,0.0,2.0,0.0,0.0,0.0,0.0,0.0,0.0,0.0,0.0
JUNORTOUN,0.3,1.0,0.0,0.0,0.0,0.0,0.0,0.0,0.0,0.0,0.0,0.0
BULLARTO,0.3,1.0,0.0,0.0,0.0,0.0,0.0,0.0,0.0,0.0,0.0,0.0
LABERTOUCHE,0.3,1.0,0.0,0.0,0.0,0.0,0.0,0.0,0.0,0.0,0.0,0.0
FLOWERDALE,0.3,1.0,0.0,0.0,0.0,0.0,0.0,0.0,0.0,0.0,0.0,0.0
BUNGAREE,0.3,1.0,0.0,0.0,0.0,0.0,0.0,0.0,0.0,0.0,0.0,0.0
SCOTSBURN,0.3,1.0,0.0,0.0,0.0,0.0,0.0,0.0,0.0,0.0,0.0,0.0
CARDIGAN,0.3,1.0,0.0,0.0,0.0,0.0,0.0,0.0,0.0,0.0,0.0,0.0
CODRINGTON,0.3,1.0,0.0,0.0,0.0,0.0,0.0,0.0,0.0,0.0,0.0,0.0
POOTILLA,0.3,1.0,0.0,0.0,0.0,0.0,0.0,0.0,0.0,0.0,0.0,0.0
BERRINGA,0.3,1.0,0.0,0.0,0.0,0.0,0.0,0.0,0.0,0.0,0.0,0.0
BARNAWARTHA,0.3,1.0,0.0,0.0,0.0,0.0,0.0,0.0,0.0,0.0,0.0,0.0
WATERWAYS,0.25,0.0,0.0,0.0,0.0,0.0,0.0,0.0,5.0,5.0,0.0,0.0
BONNIE BROOK,0.15,0.0,0.0,1.0,0.0,0.0,0.0,0.0,0.0,0.0,0.0,0.0
MAMBOURIN,0.15,0.0,0.0,1.0,0.0,0.0,0.0,0.0,0.0,0.0,0.0,0.0
WINTER VALLEY,0.15,0.0,0.0,1.0,0.0,0.0,0.0,0.0,0.0,0.0,0.0,0.0
CURLEWIS,0.15,0.0,0.0,1.0,0.0,0.0,0.0,0.0,0.0,0.0,0.0,0.0
STRATHDALE,0.15,0.0,0.0,0.0,1.0,0.0,0.0,0.0,0.0,0.0,0.0,0.0
HATTAH,0.15,0.0,0.0,1.0,0.0,0.0,0.0,0.0,0.0,0.0,0.0,0.0
PEECHELBA,0.15,0.0,0.0,1.0,0.0,0.0,0.0,0.0,0.0,0.0,0.0,0.0
MAINDAMPLE,0.15,0.0,0.0,1.0,0.0,0.0,0.0,0.0,0.0,0.0,0.0,0.0
AUBURN,0.0,0.0,0.0,0.0,0.0,0.0,0.0,0.0,0.0,0.0,0.0,0.0
CROSS KEYS,0.0,0.0,0.0,0.0,0.0,0.0,0.0,0.0,0.0,0.0,0.0,0.0
GERRIGERRUP,0.0,0.0,0.0,0.0,0.0,0.0,0.0,0.0,0.0,0.0,0.0,0.0
ORFORD,0.0,0.0,0.0,0.0,0.0,0.0,0.0,0.0,0.0,0.0,0.0,0.0
BRUNSWICK SOUTH,0.0,0.0,0.0,0.0,0.0,0.0,0.0,0.0,0.0,0.0,0.0,0.0
COCOROC,0.0,0.0,0.0,0.0,0.0,0.0,0.0,0.0,0.0,0.0,0.0,0.0
ALLESTREE,0.0,0.0,0.0,0.0,0.0,0.0,0.0,0.0,0.0,0.0,0.0,0.0
BATMAN,0.0,0.0,0.0,0.0,0.0,0.0,0.0,0.0,0.0,0.0,0.0,0.0
HOTHAM HILL,0.0,0.0,0.0,0.0,0.0,0.0,0.0,0.0,0.0,0.0,0.0,0.0
BAMAWM EXTENSION,0.0,0.0,0.0,0.0,0.0,0.0,0.0,0.0,0.0,0.0,0.0,0.0
BARUNAH PARK,0.0,0.0,0.0,0.0,0.0,0.0,0.0,0.0,0.0,0.0,0.0,0.0
MARENGO,0.0,0.0,0.0,0.0,0.0,0.0,0.0,0.0,0.0,0.0,0.0,0.0
FIELDSTONE,0.0,0.0,0.0,0.0,0.0,0.0,0.0,0.0,0.0,0.0,0.0,0.0
FOUNTAIN GATE,0.0,0.0,0.0,0.0,0.0,0.0,0.0,0.0,0.0,0.0,0.0,0.0
CALDER PARK,0.0,0.0,0.0,0.0,0.0,0.0,0.0,0.0,0.0,0.0,0.0,0.0
ALTONA EAST,0.0,0.0,0.0,0.0,0.0,0.0,0.0,0.0,0.0,0.0,0.0,0.0
CHINTIN,0.0,0.0,0.0,0.0,0.0,0.0,0.0,0.0,0.0,0.0,0.0,0.0
CHARLEMONT,0.0,0.0,0.0,0.0,0.0,0.0,0.0,0.0,0.0,0.0,0.0,0.0
BRANDON PARK,0.0,0.0,0.0,0.0,0.0,0.0,0.0,0.0,0.0,0.0,0.0,0.0
CAULFIELD JUNCTION,0.0,0.0,0.0,0.0,0.0,0.0,0.0,0.0,0.0,0.0,0.0,0.0
BOORAN ROAD PO,0.0,0.0,0.0,0.0,0.0,0.0,0.0,0.0,0.0,0.0,0.0,0.0
FINGAL,0.0,0.0,0.0,0.0,0.0,0.0,0.0,0.0,0.0,0.0,0.0,0.0
GARDEN CITY,0.0,0.0,0.0,0.0,0.0,0.0,0.0,0.0,0.0,0.0,0.0,0.0
ARTHURS SEAT,0.0,0.0,0.0,0.0,0.0,0.0,0.0,0.0,0.0,0.0,0.0,0.0
ANDERSON,0.0,0.0,0.0,0.0,0.0,0.0,0.0,0.0,0.0,0.0,0.0,0.0
BONSHAW,0.0,0.0,0.0,0.0,0.0,0.0,0.0,0.0,0.0,0.0,0.0,0.0
ADDINGTON,0.0,0.0,0.0,0.0,0.0,0.0,0.0,0.0,0.0,0.0,0.0,0.0
ADAMS ESTATE,0.0,0.0,0.0,0.0,0.0,0.0,0.0,0.0,0.0,0.0,0.0,0.0
GRANTVILLE,0.0,0.0,0.0,0.0,0.0,0.0,0.0,0.0,0.0,0.0,0.0,0.0
GILBERTON,0.0,0.0,0.0,0.0,0.0,0.0,0.0,0.0,0.0,0.0,0.0,0.0
ANGLERS REST,0.0,0.0,0.0,0.0,0.0,0.0,0.0,0.0,0.0,0.0,0.0,0.0
ALLAMBEE RESERVE,0.0,0.0,0.0,0.0,0.0,0.0,0.0,0.0,0.0,0.0,0.0,0.0
ELLASWOOD,0.0,0.0,0.0,0.0,0.0,0.0,0.0,0.0,0.0,0.0,0.0,0.0
KOORNALLA,0.0,0.0,0.0,0.0,0.0,0.0,0.0,0.0,0.0,0.0,0.0,0.0
CARDROSS,0.0,0.0,0.0,0.0,0.0,0.0,0.0,0.0,0.0,0.0,0.0,0.0
BRENTFORD SQUARE,0.0,0.0,0.0,0.0,0.0,0.0,0.0,0.0,0.0,0.0,0.0,0.0
DOOBOOBETIC,0.0,0.0,0.0,0.0,0.0,0.0,0.0,0.0,0.0,0.0,0.0,0.0
ADELAIDE LEAD,0.0,0.0,0.0,0.0,0.0,0.0,0.0,0.0,0.0,0.0,0.0,0.0
BEDFORD ROAD,0.0,0.0,0.0,0.0,0.0,0.0,0.0,0.0,0.0,0.0,0.0,0.0
MURMUNGEE,0.0,0.0,0.0,0.0,0.0,0.0,0.0,0.0,0.0,0.0,0.0,0.0
HEATHWOOD,0.0,0.0,0.0,0.0,0.0,0.0,0.0,0.0,0.0,0.0,0.0,0.0
BATHUMI,0.0,0.0,0.0,0.0,0.0,0.0,0.0,0.0,0.0,0.0,0.0,0.0
MONEGEETTA,0.0,0.0,0.0,0.0,0.0,0.0,0.0,0.0,0.0,0.0,0.0,0.0
KNOX CITY CENTRE,0.0,0.0,0.0,0.0,0.0,0.0,0.0,0.0,0.0,0.0,0.0,0.0
KUNYUNG,0.0,0.0,0.0,0.0,0.0,0.0,0.0,0.0,0.0,0.0,0.0,0.0
