suburb,livable,Commercial,Environment,Medication,Secrity,Industrial,Prison,Transportation,BUS,TRAM STATION,TRAIN STATION
MORNINGTON,24.5,2.0,62.0,1.0,1.0,0.0,0.0,106.0,106.0,0.0,0.0
WODONGA,22.1,1.0,70.0,3.0,1.0,0.0,0.0,0.0,0.0,0.0,0.0
FRANKSTON,19.75,3.0,24.0,4.0,1.0,0.0,0.0,217.0,215.0,0.0,2.0
RESERVOIR,19.550000000000004,1.0,9.0,2.0,1.0,0.0,0.0,317.0,302.0,11.0,4.0
MELBOURNE,18.75,14.0,23.0,3.0,2.0,0.0,0.0,184.0,54.0,127.0,3.0
WERRIBEE,18.349999999999998,1.0,18.0,4.0,1.0,0.0,0.0,229.0,227.0,0.0,2.0
BERWICK,17.15,2.0,18.0,3.0,1.0,0.0,0.0,210.0,209.0,0.0,1.0
MOUNT MARTHA,16.65,1.0,42.0,0.0,0.0,0.0,0.0,79.0,79.0,0.0,0.0
SUNBURY,16.25,2.0,14.0,1.0,1.0,0.0,0.0,228.0,227.0,0.0,1.0
CROYDON,15.5,2.0,24.0,1.0,1.0,0.0,0.0,153.0,152.0,0.0,1.0
COBURG,15.35,2.0,22.0,4.0,1.0,0.0,0.0,143.0,105.0,36.0,2.0
KEW,14.25,3.0,21.0,6.0,1.0,0.0,0.0,115.0,68.0,47.0,0.0
DANDENONG,14.25,3.0,16.0,4.0,1.0,0.0,0.0,156.0,155.0,0.0,1.0
MILDURA,13.999999999999998,7.0,41.0,3.0,1.0,0.0,0.0,0.0,0.0,0.0,0.0
CAMBERWELL,13.5,2.0,14.0,5.0,1.0,0.0,0.0,145.0,58.0,82.0,5.0
TARNEIT,13.4,0.0,20.0,0.0,0.0,0.0,0.0,148.0,148.0,0.0,0.0
PRESTON,13.149999999999999,4.0,4.0,3.0,2.0,0.0,0.0,207.0,165.0,40.0,2.0
RINGWOOD,12.85,3.0,20.0,1.0,1.0,0.0,0.0,121.0,119.0,0.0,2.0
BRUNSWICK,12.75,1.0,19.0,4.0,2.0,0.0,0.0,108.0,76.0,29.0,3.0
FERNTREE GULLY,11.649999999999999,3.0,11.0,4.0,1.0,0.0,0.0,134.0,133.0,0.0,1.0
ROWVILLE,11.2,0.0,11.0,2.0,0.0,0.0,0.0,146.0,146.0,0.0,0.0
ROSEBUD,11.15,2.0,19.0,0.0,1.0,0.0,0.0,103.0,103.0,0.0,0.0
FOOTSCRAY,11.1,2.0,14.0,2.0,1.0,0.0,0.0,117.0,99.0,15.0,3.0
WILLIAMSTOWN,10.95,14.0,19.0,2.0,1.0,0.0,0.0,61.0,59.0,0.0,2.0
ENDEAVOUR HILLS,10.9,1.0,13.0,2.0,0.0,0.0,0.0,126.0,126.0,0.0,0.0
CHELTENHAM,10.4,3.0,5.0,5.0,1.0,0.0,0.0,138.0,136.0,0.0,2.0
CRAIGIEBURN,10.3,0.0,6.0,1.0,0.0,0.0,0.0,163.0,162.0,0.0,1.0
HAWTHORN,10.25,1.0,18.0,2.0,1.0,0.0,0.0,78.0,22.0,53.0,3.0
GLEN IRIS,10.100000000000001,1.0,20.0,0.0,0.0,0.0,0.0,77.0,49.0,25.0,3.0
EPPING,10.0,0.0,3.0,2.0,1.0,0.0,0.0,166.0,164.0,0.0,2.0
HOPPERS CROSSING,10.0,0.0,3.0,2.0,0.0,0.0,0.0,170.0,170.0,0.0,0.0
SEAFORD,9.95,1.0,16.0,1.0,1.0,0.0,0.0,91.0,89.0,0.0,2.0
NORTHCOTE,9.45,1.0,12.0,0.0,1.0,0.0,0.0,108.0,73.0,30.0,5.0
MELTON,9.350000000000001,1.0,19.0,2.0,1.0,0.0,0.0,57.0,57.0,0.0,0.0
BENTLEIGH EAST,9.35,1.0,3.0,4.0,1.0,0.0,0.0,141.0,141.0,0.0,0.0
BRIGHTON,9.150000000000002,4.0,6.0,3.0,1.0,0.0,0.0,115.0,111.0,0.0,4.0
BUNDOORA,9.15,3.0,7.0,1.0,0.0,0.0,0.0,129.0,105.0,24.0,0.0
BALWYN NORTH,9.15,1.0,11.0,1.0,0.0,0.0,0.0,109.0,96.0,13.0,0.0
HILLSIDE,9.1,0.0,21.0,2.0,0.0,0.0,0.0,44.0,44.0,0.0,0.0
WARRNAMBOOL,9.1,3.0,23.0,6.0,1.0,0.0,0.0,0.0,0.0,0.0,0.0
NEWPORT,9.05,2.0,19.0,0.0,1.0,0.0,0.0,59.0,57.0,0.0,2.0
GREENSBOROUGH,9.0,1.0,11.0,1.0,1.0,0.0,0.0,103.0,102.0,0.0,1.0
ALTONA,8.9,2.0,17.0,1.0,0.0,0.0,0.0,64.0,62.0,0.0,2.0
YARRAVILLE,8.899999999999999,3.0,14.0,0.0,1.0,0.0,0.0,85.0,84.0,0.0,1.0
SOMERVILLE,8.850000000000001,0.0,25.0,1.0,0.0,2.0,0.0,24.0,23.0,0.0,1.0
DONCASTER EAST,8.799999999999999,2.0,4.0,3.0,1.0,0.0,0.0,128.0,128.0,0.0,0.0
GLENROY,8.7,1.0,12.0,1.0,1.0,0.0,0.0,89.0,86.0,0.0,3.0
MOUNT WAVERLEY,8.65,2.0,5.0,2.0,1.0,0.0,0.0,123.0,121.0,0.0,2.0
BORONIA,8.65,2.0,5.0,3.0,1.0,0.0,0.0,118.0,117.0,0.0,1.0
PAKENHAM,8.5,1.0,3.0,1.0,1.0,0.0,0.0,140.0,138.0,0.0,2.0
ST KILDA,8.45,5.0,8.0,2.0,1.0,0.0,0.0,97.0,36.0,61.0,0.0
ALTONA MEADOWS,8.4,0.0,18.0,2.0,0.0,0.0,0.0,48.0,48.0,0.0,0.0
ELTHAM,8.3,1.0,14.0,4.0,1.0,0.0,0.0,53.0,52.0,0.0,1.0
SUNSHINE,8.299999999999999,1.0,12.0,0.0,0.0,0.0,0.0,91.0,90.0,0.0,1.0
KEYSBOROUGH,8.2,1.0,10.0,0.0,0.0,0.0,0.0,102.0,102.0,0.0,0.0
MILL PARK,7.95,0.0,0.0,2.0,0.0,0.0,0.0,147.0,147.0,0.0,0.0
TEMPLESTOWE,7.95,0.0,5.0,2.0,0.0,0.0,0.0,117.0,117.0,0.0,0.0
ESSENDON,7.8999999999999995,1.0,5.0,2.0,1.0,0.0,0.0,109.0,87.0,19.0,3.0
NEWTOWN,7.8,0.0,26.0,0.0,0.0,0.0,0.0,0.0,0.0,0.0,0.0
CORIO,7.699999999999999,2.0,24.0,1.0,0.0,0.0,0.0,0.0,0.0,0.0,0.0
NOBLE PARK,7.6499999999999995,1.0,10.0,2.0,0.0,0.0,0.0,77.0,75.0,0.0,2.0
MALLACOOTA,7.499999999999999,5.0,23.0,0.0,1.0,0.0,0.0,0.0,0.0,0.0,0.0
EAST MELBOURNE,7.3,1.0,17.0,1.0,1.0,0.0,0.0,32.0,9.0,21.0,2.0
TORQUAY,7.299999999999999,0.0,24.0,0.0,1.0,0.0,0.0,0.0,0.0,0.0,0.0
MARIBYRNONG,7.25,2.0,9.0,1.0,0.0,0.0,0.0,81.0,52.0,29.0,0.0
BRUNSWICK EAST,7.2,1.0,15.0,0.0,0.0,0.0,0.0,52.0,33.0,19.0,0.0
DROMANA,7.050000000000001,2.0,14.0,0.0,1.0,0.0,0.0,51.0,51.0,0.0,0.0
HASTINGS,7.05,2.0,16.0,2.0,1.0,0.0,0.0,26.0,25.0,0.0,1.0
BELMONT,7.0,1.0,22.0,1.0,0.0,0.0,0.0,0.0,0.0,0.0,0.0
RYE,6.950000000000001,2.0,10.0,0.0,1.0,0.0,0.0,73.0,73.0,0.0,0.0
SORRENTO,6.8500000000000005,2.0,14.0,0.0,1.0,0.0,0.0,47.0,47.0,0.0,0.0
CLAYTON,6.799999999999999,2.0,3.0,5.0,1.0,0.0,0.0,81.0,80.0,0.0,1.0
LILYDALE,6.799999999999999,2.0,2.0,1.0,1.0,0.0,0.0,111.0,110.0,0.0,1.0
BALWYN,6.699999999999999,1.0,12.0,1.0,1.0,0.0,0.0,52.0,44.0,8.0,0.0
MULGRAVE,6.6499999999999995,3.0,1.0,1.0,0.0,0.0,0.0,115.0,115.0,0.0,0.0
BROADMEADOWS,6.6,2.0,4.0,2.0,1.0,0.0,0.0,89.0,88.0,0.0,1.0
DONCASTER,6.6,2.0,2.0,1.0,0.0,0.0,0.0,110.0,110.0,0.0,0.0
PARKVILLE,6.450000000000001,3.0,5.0,6.0,1.0,0.0,0.0,54.0,24.0,29.0,1.0
CARLTON,6.45,2.0,9.0,2.0,2.0,0.0,0.0,55.0,40.0,15.0,0.0
CARRUM DOWNS,6.449999999999999,0.0,3.0,1.0,0.0,0.0,0.0,105.0,105.0,0.0,0.0
SALE,6.4,3.0,20.0,0.0,1.0,0.0,0.0,0.0,0.0,0.0,0.0
HIGHTON,6.3,0.0,20.0,1.0,0.0,0.0,0.0,0.0,0.0,0.0,0.0
LANGWARRIN,6.25,0.0,6.0,1.0,0.0,0.0,0.0,83.0,83.0,0.0,0.0
BLACKBURN,6.25,2.0,7.0,0.0,0.0,0.0,0.0,77.0,75.0,0.0,2.0
MITCHAM,6.249999999999999,1.0,4.0,1.0,0.0,0.0,0.0,92.0,91.0,0.0,1.0
BLAIRGOWRIE,6.15,0.0,16.0,0.0,0.0,0.0,0.0,27.0,27.0,0.0,0.0
SOUTH YARRA,6.1499999999999995,2.0,4.0,2.0,1.0,0.0,0.0,79.0,36.0,41.0,2.0
THOMASTOWN,6.1,1.0,0.0,2.0,0.0,0.0,0.0,107.0,106.0,0.0,1.0
ASCOT VALE,6.05,1.0,6.0,2.0,0.0,0.0,0.0,70.0,45.0,24.0,1.0
BOX HILL,6.049999999999999,2.0,3.0,2.0,1.0,0.0,0.0,84.0,79.0,4.0,1.0
MOONEE PONDS,5.8999999999999995,1.0,5.0,1.0,1.0,0.0,0.0,77.0,56.0,20.0,1.0
SPRINGVALE,5.899999999999999,1.0,3.0,1.0,1.0,0.0,0.0,88.0,86.0,0.0,2.0
THORNBURY,5.8500000000000005,1.0,5.0,1.0,0.0,0.0,0.0,78.0,60.0,17.0,1.0
PORTSEA,5.85,1.0,17.0,0.0,0.0,0.0,0.0,13.0,13.0,0.0,0.0
HAMPTON PARK,5.85,1.0,1.0,1.0,0.0,0.0,0.0,103.0,103.0,0.0,0.0
TRUGANINA,5.800000000000001,0.0,8.0,0.0,0.0,0.0,0.0,68.0,68.0,0.0,0.0
RICHMOND,5.8,2.0,6.0,2.0,1.0,0.0,0.0,59.0,6.0,50.0,3.0
MORDIALLOC,5.75,2.0,8.0,2.0,1.0,0.0,0.0,48.0,47.0,0.0,1.0
HAMPTON,5.6000000000000005,1.0,4.0,3.0,0.0,0.0,0.0,67.0,66.0,0.0,1.0
DOVETON,5.55,0.0,11.0,1.0,1.0,0.0,0.0,37.0,37.0,0.0,0.0
PASCOE VALE,5.5,0.0,8.0,0.0,0.0,0.0,0.0,61.0,60.0,0.0,1.0
MAIDSTONE,5.5,0.0,11.0,1.0,1.0,0.0,0.0,36.0,35.0,1.0,0.0
LARA,5.499999999999999,0.0,18.0,0.0,1.0,0.0,0.0,0.0,0.0,0.0,0.0
IVANHOE,5.450000000000001,1.0,5.0,2.0,0.0,0.0,0.0,63.0,61.0,0.0,2.0
MARYBOROUGH,5.4,2.0,16.0,1.0,1.0,0.0,0.0,0.0,0.0,0.0,0.0
LEOPOLD,5.3999999999999995,0.0,18.0,0.0,0.0,0.0,0.0,0.0,0.0,0.0,0.0
SOMERS,5.3500000000000005,0.0,14.0,0.0,0.0,0.0,0.0,23.0,23.0,0.0,0.0
LAVERTON,5.3,1.0,12.0,1.0,1.0,0.0,0.0,22.0,20.0,0.0,2.0
FAWKNER,5.299999999999999,1.0,2.0,2.0,1.0,0.0,0.0,78.0,78.0,0.0,0.0
DOCKLANDS,5.2,4.0,7.0,1.0,1.0,0.0,0.0,45.0,16.0,28.0,1.0
PORTLAND,5.2,6.0,14.0,1.0,1.0,0.0,0.0,0.0,0.0,0.0,0.0
MENTONE,5.15,2.0,3.0,2.0,1.0,0.0,0.0,66.0,65.0,0.0,1.0
SOUTH MORANG,5.15,0.0,1.0,0.0,0.0,1.0,0.0,97.0,95.0,0.0,2.0
KURUNJANG,5.15,0.0,10.0,1.0,0.0,0.0,0.0,37.0,37.0,0.0,0.0
BRAYBROOK,5.15,1.0,9.0,0.0,0.0,0.0,0.0,47.0,47.0,0.0,0.0
KEILOR EAST,5.1,0.0,6.0,0.0,0.0,0.0,0.0,66.0,66.0,0.0,0.0
BRIGHTON EAST,5.05,0.0,6.0,0.0,0.0,0.0,0.0,65.0,55.0,10.0,0.0
SHEPPARTON,5.0,1.0,10.0,6.0,1.0,0.0,0.0,0.0,0.0,0.0,0.0
CRANBOURNE,5.0,2.0,2.0,3.0,1.0,0.0,0.0,63.0,62.0,0.0,1.0
KENSINGTON,5.0,0.0,9.0,3.0,0.0,0.0,0.0,26.0,19.0,5.0,2.0
MORWELL,5.0,1.0,13.0,3.0,1.0,0.0,0.0,0.0,0.0,0.0,0.0
BEAUMARIS,4.95,1.0,5.0,1.0,1.0,0.0,0.0,59.0,59.0,0.0,0.0
DINGLEY VILLAGE,4.95,0.0,6.0,0.0,0.0,0.0,0.0,63.0,63.0,0.0,0.0
HEALESVILLE,4.95,1.0,8.0,1.0,1.0,0.0,0.0,41.0,41.0,0.0,0.0
HEATHMONT,4.949999999999999,0.0,9.0,4.0,0.0,0.0,0.0,20.0,19.0,0.0,1.0
DOREEN,4.75,0.0,0.0,1.0,0.0,0.0,0.0,89.0,89.0,0.0,0.0
MOOROOLBARK,4.75,1.0,3.0,1.0,1.0,0.0,0.0,66.0,65.0,0.0,1.0
BURWOOD,4.749999999999999,0.0,1.0,1.0,1.0,0.0,0.0,81.0,62.0,19.0,0.0
KILSYTH,4.7,1.0,5.0,1.0,0.0,0.0,0.0,56.0,56.0,0.0,0.0
DIAMOND CREEK,4.7,0.0,6.0,2.0,1.0,0.0,0.0,43.0,42.0,0.0,1.0
OCEAN GROVE,4.7,1.0,13.0,2.0,1.0,0.0,0.0,0.0,0.0,0.0,0.0
ASHBURTON,4.7,1.0,10.0,0.0,1.0,0.0,0.0,28.0,26.0,0.0,2.0
LALOR,4.6499999999999995,0.0,1.0,1.0,0.0,0.0,0.0,80.0,79.0,0.0,1.0
SANDRINGHAM,4.6000000000000005,1.0,5.0,2.0,1.0,0.0,0.0,45.0,44.0,0.0,1.0
NUNAWADING,4.6000000000000005,1.0,3.0,0.0,1.0,0.0,0.0,69.0,68.0,0.0,1.0
KEILOR DOWNS,4.6,0.0,7.0,1.0,0.0,0.0,0.0,44.0,44.0,0.0,0.0
HARKNESS,4.55,0.0,9.0,0.0,0.0,0.0,0.0,37.0,37.0,0.0,0.0
GREENVALE,4.5,0.0,3.0,1.0,0.0,0.0,0.0,66.0,66.0,0.0,0.0
MALVERN,4.5,0.0,5.0,1.0,1.0,0.0,0.0,50.0,1.0,47.0,2.0
OAKLEIGH SOUTH,4.5,0.0,2.0,1.0,0.0,0.0,0.0,72.0,72.0,0.0,0.0
SOUTH MELBOURNE,4.45,3.0,4.0,1.0,2.0,0.0,0.0,49.0,17.0,32.0,0.0
WARRAGUL,4.3999999999999995,1.0,12.0,2.0,1.0,0.0,0.0,0.0,0.0,0.0,0.0
AIRPORT WEST,4.300000000000001,1.0,2.0,2.0,0.0,0.0,0.0,60.0,49.0,11.0,0.0
BULLEEN,4.300000000000001,2.0,3.0,2.0,0.0,0.0,0.0,52.0,52.0,0.0,0.0
BAYSWATER,4.3,2.0,2.0,1.0,0.0,0.0,0.0,63.0,62.0,0.0,1.0
OAKLEIGH,4.250000000000001,3.0,0.0,2.0,1.0,0.0,0.0,63.0,61.0,0.0,2.0
SCORESBY,4.25,1.0,5.0,0.0,0.0,0.0,0.0,53.0,53.0,0.0,0.0
CANTERBURY,4.2,1.0,9.0,1.0,0.0,0.0,0.0,21.0,19.0,1.0,1.0
SYDENHAM,4.2,0.0,7.0,2.0,0.0,0.0,0.0,30.0,30.0,0.0,0.0
NEWCOMB,4.2,0.0,14.0,0.0,0.0,0.0,0.0,0.0,0.0,0.0,0.0
BAIRNSDALE,4.199999999999999,2.0,12.0,1.0,1.0,0.0,0.0,0.0,0.0,0.0,0.0
ARMADALE,4.15,1.0,1.0,3.0,0.0,0.0,0.0,55.0,23.0,30.0,2.0
BURWOOD EAST,4.15,0.0,3.0,0.0,0.0,0.0,0.0,65.0,52.0,13.0,0.0
BOX HILL NORTH,4.1,0.0,3.0,1.0,0.0,0.0,0.0,58.0,58.0,0.0,0.0
WANGARATTA,4.1,1.0,10.0,3.0,1.0,0.0,0.0,0.0,0.0,0.0,0.0
WINCHELSEA,4.1,1.0,12.0,1.0,1.0,0.0,0.0,0.0,0.0,0.0,0.0
TEMPLESTOWE LOWER,4.05,0.0,2.0,1.0,0.0,0.0,0.0,63.0,63.0,0.0,0.0
TOORAK,4.000000000000001,3.0,1.0,2.0,0.0,0.0,0.0,55.0,24.0,30.0,1.0
FRANKSTON NORTH,4.0,0.0,6.0,1.0,0.0,0.0,0.0,38.0,38.0,0.0,0.0
ARARAT,4.0,3.0,10.0,2.0,1.0,0.0,0.0,0.0,0.0,0.0,0.0
KEILOR,4.0,0.0,7.0,1.0,0.0,0.0,0.0,32.0,32.0,0.0,0.0
NORLANE,4.0,0.0,13.0,0.0,1.0,0.0,0.0,0.0,0.0,0.0,0.0
HEIDELBERG,4.0,1.0,6.0,2.0,1.0,0.0,0.0,27.0,26.0,0.0,1.0
MYRTLEFORD,3.9999999999999996,1.0,12.0,1.0,1.0,1.0,0.0,0.0,0.0,0.0,0.0
TYABB,3.9499999999999997,1.0,9.0,1.0,0.0,0.0,0.0,16.0,15.0,0.0,1.0
CARNEGIE,3.9000000000000004,2.0,1.0,1.0,0.0,0.0,0.0,60.0,46.0,12.0,2.0
BROOKFIELD,3.9000000000000004,0.0,8.0,1.0,0.0,0.0,0.0,24.0,24.0,0.0,0.0
ELWOOD,3.9000000000000004,1.0,5.0,0.0,1.0,0.0,0.0,44.0,39.0,5.0,0.0
PARKDALE,3.8500000000000005,0.0,4.0,3.0,0.0,0.0,0.0,34.0,33.0,0.0,1.0
KNOXFIELD,3.85,0.0,3.0,1.0,0.0,0.0,0.0,53.0,53.0,0.0,0.0
DONVALE,3.8000000000000003,0.0,3.0,0.0,0.0,0.0,0.0,58.0,58.0,0.0,0.0
STRATFORD,3.8,1.0,12.0,0.0,1.0,0.0,0.0,0.0,0.0,0.0,0.0
BRIGHT,3.8,1.0,12.0,0.0,1.0,0.0,0.0,0.0,0.0,0.0,0.0
HAMILTON,3.8,1.0,9.0,3.0,1.0,0.0,0.0,0.0,0.0,0.0,0.0
HEATHERTON,3.8,0.0,6.0,1.0,0.0,0.0,0.0,34.0,34.0,0.0,0.0
HADFIELD,3.75,0.0,5.0,0.0,0.0,0.0,0.0,44.0,43.0,0.0,1.0
CAULFIELD,3.75,1.0,0.0,4.0,1.0,0.0,0.0,47.0,26.0,21.0,0.0
BENTLEIGH,3.7000000000000006,2.0,0.0,2.0,1.0,0.0,0.0,54.0,52.0,0.0,2.0
HALLAM,3.7,0.0,2.0,1.0,0.0,0.0,0.0,55.0,54.0,0.0,1.0
GEELONG,3.6999999999999997,6.0,9.0,1.0,1.0,0.0,0.0,0.0,0.0,0.0,0.0
WEST MELBOURNE,3.6500000000000004,3.0,5.0,0.0,0.0,0.0,0.0,36.0,28.0,7.0,1.0
WARRANDYTE,3.65,0.0,3.0,1.0,1.0,0.0,0.0,47.0,47.0,0.0,0.0
CAPEL SOUND,3.6499999999999995,0.0,4.0,1.0,0.0,0.0,0.0,43.0,43.0,0.0,0.0
MURRUMBEENA,3.6000000000000005,1.0,3.0,0.0,1.0,0.0,0.0,49.0,48.0,0.0,1.0
VERMONT,3.5500000000000003,1.0,3.0,0.0,0.0,0.0,0.0,51.0,51.0,0.0,0.0
FITZROY,3.5,1.0,1.0,4.0,1.0,0.0,0.0,36.0,8.0,28.0,0.0
SOUTHBANK,3.45,1.0,4.0,1.0,0.0,0.0,0.0,37.0,11.0,26.0,0.0
TULLAMARINE,3.45,1.0,2.0,0.0,0.0,0.0,0.0,55.0,55.0,0.0,0.0
MOORABBIN,3.4000000000000004,0.0,2.0,0.0,1.0,0.0,0.0,53.0,52.0,0.0,1.0
DIGGERS REST,3.4,0.0,9.0,0.0,0.0,0.0,0.0,13.0,12.0,0.0,1.0
VIEWBANK,3.4,0.0,6.0,1.0,0.0,0.0,0.0,26.0,26.0,0.0,0.0
ALBERT PARK,3.3500000000000005,2.0,5.0,1.0,0.0,0.0,0.0,27.0,8.0,19.0,0.0
CHIRNSIDE PARK,3.35,0.0,2.0,1.0,0.0,0.0,0.0,49.0,49.0,0.0,0.0
TOOTGAROOK,3.35,0.0,5.0,1.0,0.0,0.0,0.0,31.0,31.0,0.0,0.0
ALBION,3.3000000000000003,0.0,5.0,2.0,0.0,0.0,0.0,23.0,22.0,0.0,1.0
MERNDA,3.2500000000000004,0.0,0.0,0.0,0.0,0.0,0.0,64.0,63.0,0.0,1.0
WANTIRNA,3.25,1.0,2.0,1.0,0.0,0.0,0.0,45.0,45.0,0.0,0.0
HIGHETT,3.25,1.0,3.0,0.0,0.0,0.0,0.0,44.0,43.0,0.0,1.0
ROSANNA,3.2,1.0,2.0,1.0,0.0,0.0,0.0,43.0,42.0,0.0,1.0
MONTROSE,3.2,0.0,4.0,0.0,0.0,0.0,0.0,40.0,40.0,0.0,0.0
CLIFTON HILL,3.1500000000000004,0.0,7.0,0.0,0.0,0.0,0.0,20.0,16.0,3.0,1.0
KEW EAST,3.1500000000000004,1.0,4.0,0.0,0.0,0.0,0.0,37.0,28.0,9.0,0.0
CAIRNLEA,3.15,0.0,6.0,2.0,0.0,0.0,0.0,15.0,15.0,0.0,0.0
MARYSVILLE,3.15,0.0,10.0,0.0,1.0,1.0,0.0,3.0,3.0,0.0,0.0
WATSONIA,3.1,0.0,4.0,1.0,0.0,0.0,0.0,31.0,30.0,0.0,1.0
HORSHAM,3.1,1.0,7.0,3.0,1.0,1.0,0.0,0.0,0.0,0.0,0.0
FAIRFIELD,3.1,1.0,1.0,2.0,0.0,0.0,0.0,41.0,40.0,0.0,1.0
BURNSIDE,3.0500000000000003,0.0,7.0,0.0,0.0,0.0,0.0,19.0,19.0,0.0,0.0
AINTREE,3.0500000000000003,0.0,7.0,0.0,0.0,0.0,0.0,19.0,19.0,0.0,0.0
MOUNT DANDENONG,3.05,0.0,4.0,0.0,0.0,0.0,0.0,37.0,37.0,0.0,0.0
SEAHOLME,3.05,0.0,9.0,0.0,0.0,0.0,0.0,6.0,5.0,0.0,1.0
ELSTERNWICK,3.0000000000000004,1.0,0.0,0.0,1.0,0.0,0.0,55.0,41.0,13.0,1.0
DERRIMUT,3.0,0.0,6.0,0.0,0.0,0.0,0.0,24.0,24.0,0.0,0.0
PANTON HILL,2.9999999999999996,0.0,9.0,1.0,0.0,0.0,0.0,0.0,0.0,0.0,0.0
MOUNT EVELYN,2.9000000000000004,0.0,2.0,0.0,1.0,0.0,0.0,44.0,44.0,0.0,0.0
BALNARRING,2.9,0.0,8.0,1.0,0.0,0.0,0.0,4.0,4.0,0.0,0.0
CAMPERDOWN,2.9,1.0,8.0,1.0,1.0,0.0,0.0,0.0,0.0,0.0,0.0
MACLEOD,2.85,0.0,1.0,2.0,0.0,0.0,0.0,38.0,37.0,0.0,1.0
BITTERN,2.85,0.0,8.0,0.0,0.0,0.0,0.0,8.0,7.0,0.0,1.0
CARLTON NORTH,2.85,1.0,3.0,0.0,0.0,0.0,0.0,37.0,21.0,16.0,0.0
BENDIGO,2.8,2.0,6.0,3.0,1.0,0.0,1.0,0.0,0.0,0.0,0.0
EDITHVALE,2.75,0.0,3.0,1.0,0.0,0.0,0.0,30.0,29.0,0.0,1.0
STRATHMORE,2.7,0.0,2.0,0.0,0.0,0.0,0.0,42.0,42.0,0.0,0.0
GROVEDALE,2.6999999999999997,0.0,8.0,1.0,0.0,0.0,0.0,0.0,0.0,0.0,0.0
GEMBROOK,2.6999999999999997,0.0,6.0,0.0,0.0,0.0,0.0,18.0,18.0,0.0,0.0
CLIFTON SPRINGS,2.6999999999999997,0.0,9.0,0.0,0.0,0.0,0.0,0.0,0.0,0.0,0.0
LITTLE RIVER,2.6999999999999997,0.0,9.0,0.0,0.0,0.0,0.0,0.0,0.0,0.0,0.0
FLEMINGTON,2.6500000000000004,1.0,4.0,1.0,1.0,0.0,0.0,18.0,4.0,13.0,1.0
CHELSEA,2.6500000000000004,1.0,1.0,2.0,1.0,0.0,0.0,30.0,29.0,0.0,1.0
UPWEY,2.6500000000000004,0.0,2.0,1.0,0.0,0.0,0.0,34.0,33.0,0.0,1.0
PORTARLINGTON,2.6,1.0,8.0,0.0,1.0,0.0,0.0,0.0,0.0,0.0,0.0
AVONDALE HEIGHTS,2.6,1.0,1.0,0.0,1.0,0.0,0.0,42.0,42.0,0.0,0.0
ROSEDALE,2.6,1.0,8.0,0.0,1.0,0.0,0.0,0.0,0.0,0.0,0.0
ALPHINGTON,2.6,0.0,3.0,1.0,0.0,0.0,0.0,27.0,26.0,0.0,1.0
SPOTSWOOD,2.5999999999999996,0.0,6.0,0.0,0.0,0.0,0.0,15.0,14.0,0.0,1.0
MOOROOPNA,2.5999999999999996,1.0,6.0,2.0,1.0,0.0,0.0,0.0,0.0,0.0,0.0
MICKLEHAM,2.55,0.0,3.0,0.0,0.0,0.0,0.0,33.0,33.0,0.0,0.0
ORMOND,2.5000000000000004,1.0,2.0,0.0,0.0,0.0,0.0,35.0,34.0,0.0,1.0
ECHUCA,2.5,3.0,5.0,2.0,1.0,0.0,0.0,0.0,0.0,0.0,0.0
MARLO,2.5,1.0,8.0,0.0,0.0,0.0,0.0,0.0,0.0,0.0,0.0
CHURCHILL,2.5,0.0,7.0,1.0,2.0,1.0,0.0,0.0,0.0,0.0,0.0
WESTMEADOWS,2.5,0.0,1.0,1.0,1.0,0.0,0.0,36.0,36.0,0.0,0.0
ASHWOOD,2.45,0.0,3.0,0.0,0.0,0.0,0.0,31.0,31.0,0.0,0.0
MONTMORENCY,2.45,0.0,2.0,1.0,0.0,0.0,0.0,30.0,29.0,0.0,1.0
CLARINDA,2.4499999999999997,0.0,1.0,1.0,0.0,0.0,0.0,37.0,37.0,0.0,0.0
PARK ORCHARDS,2.4000000000000004,0.0,4.0,0.0,0.0,0.0,0.0,24.0,24.0,0.0,0.0
PRAHRAN,2.4,1.0,0.0,1.0,0.0,0.0,0.0,39.0,13.0,25.0,1.0
BENALLA,2.4,2.0,5.0,2.0,1.0,0.0,0.0,0.0,0.0,0.0,0.0
COOLAROO,2.4,0.0,1.0,0.0,0.0,0.0,0.0,41.0,40.0,0.0,1.0
CAMPBELLFIELD,2.4,0.0,1.0,0.0,0.0,0.0,0.0,41.0,40.0,0.0,1.0
DELAHEY,2.35,0.0,2.0,0.0,0.0,0.0,0.0,35.0,35.0,0.0,0.0
IRYMPLE,2.3000000000000003,2.0,7.0,0.0,0.0,0.0,0.0,0.0,0.0,0.0,0.0
GLADSTONE PARK,2.3000000000000003,1.0,2.0,0.0,0.0,0.0,0.0,32.0,32.0,0.0,0.0
COBRAM,2.3,1.0,6.0,1.0,1.0,0.0,0.0,0.0,0.0,0.0,0.0
SEYMOUR,2.3,1.0,6.0,1.0,1.0,0.0,0.0,0.0,0.0,0.0,0.0
KORUMBURRA,2.3,1.0,5.0,2.0,1.0,0.0,0.0,0.0,0.0,0.0,0.0
BROOKLYN,2.25,0.0,3.0,0.0,0.0,0.0,0.0,27.0,27.0,0.0,0.0
HUGHESDALE,2.2,0.0,0.0,1.0,0.0,0.0,0.0,38.0,38.0,0.0,0.0
NEWBOROUGH,2.2,1.0,5.0,2.0,0.0,0.0,0.0,0.0,0.0,0.0,0.0
BEACONSFIELD,2.2,0.0,3.0,0.0,0.0,0.0,0.0,25.0,24.0,0.0,1.0
WARBURTON,2.1999999999999997,1.0,5.0,0.0,1.0,1.0,0.0,12.0,12.0,0.0,0.0
BELLFIELD,2.1,0.0,5.0,0.0,0.0,0.0,0.0,12.0,12.0,0.0,0.0
BOORT,2.0,1.0,5.0,1.0,1.0,0.0,0.0,0.0,0.0,0.0,0.0
WILLIAMS LANDING,2.0,0.0,1.0,1.0,0.0,0.0,0.0,27.0,26.0,0.0,1.0
MOE,2.0,1.0,5.0,1.0,1.0,0.0,0.0,0.0,0.0,0.0,0.0
STAWELL,2.0,1.0,5.0,1.0,1.0,0.0,0.0,0.0,0.0,0.0,0.0
ABBOTSFORD,2.0,2.0,1.0,0.0,1.0,0.0,0.0,26.0,13.0,11.0,2.0
EAGLEHAWK,1.9999999999999998,1.0,6.0,0.0,1.0,0.0,0.0,0.0,0.0,0.0,0.0
WENDOUREE,1.9999999999999998,2.0,6.0,0.0,0.0,0.0,0.0,0.0,0.0,0.0,0.0
CHADSTONE,1.9500000000000002,0.0,2.0,1.0,0.0,0.0,0.0,21.0,21.0,0.0,0.0
COLERAINE,1.9,1.0,5.0,1.0,0.0,0.0,0.0,0.0,0.0,0.0,0.0
PETERBOROUGH,1.9,0.0,6.0,0.0,1.0,0.0,0.0,0.0,0.0,0.0,0.0
BOOLE POOLE,1.9,1.0,6.0,0.0,0.0,0.0,0.0,0.0,0.0,0.0,0.0
INVERLOCH,1.9,0.0,6.0,0.0,1.0,0.0,0.0,0.0,0.0,0.0,0.0
KEALBA,1.9,0.0,3.0,0.0,0.0,0.0,0.0,20.0,20.0,0.0,0.0
KOOYONG,1.9,0.0,5.0,0.0,0.0,0.0,0.0,7.0,0.0,6.0,1.0
HURSTBRIDGE,1.85,0.0,5.0,0.0,1.0,0.0,0.0,4.0,3.0,0.0,1.0
CARRUM,1.8000000000000003,0.0,0.0,1.0,0.0,0.0,0.0,29.0,28.0,0.0,1.0
YARRAWONGA,1.8,2.0,4.0,1.0,1.0,0.0,0.0,0.0,0.0,0.0,0.0
PAYNESVILLE,1.8,0.0,5.0,1.0,0.0,0.0,0.0,0.0,0.0,0.0,0.0
MCCRAE,1.8,0.0,1.0,0.0,0.0,0.0,0.0,30.0,30.0,0.0,0.0
ALBANVALE,1.7999999999999998,0.0,3.0,0.0,0.0,0.0,0.0,18.0,18.0,0.0,0.0
BAXTER,1.7999999999999998,0.0,4.0,0.0,0.0,0.0,0.0,11.0,10.0,0.0,1.0
COLLINGWOOD,1.75,1.0,0.0,2.0,0.0,0.0,0.0,21.0,12.0,9.0,0.0
DALLAS,1.7000000000000002,1.0,2.0,0.0,0.0,0.0,0.0,20.0,20.0,0.0,0.0
WONTHAGGI,1.7,1.0,4.0,1.0,1.0,0.0,0.0,0.0,0.0,0.0,0.0
COHUNA,1.7,1.0,4.0,1.0,1.0,0.0,0.0,0.0,0.0,0.0,0.0
OUYEN,1.7,1.0,3.0,2.0,1.0,0.0,0.0,0.0,0.0,0.0,0.0
WARRACKNABEAL,1.6999999999999997,1.0,2.0,3.0,1.0,0.0,0.0,0.0,0.0,0.0,0.0
CORRYONG,1.6999999999999997,1.0,2.0,3.0,1.0,0.0,0.0,0.0,0.0,0.0,0.0
NIDDRIE,1.6500000000000001,1.0,0.0,0.0,0.0,0.0,0.0,31.0,27.0,4.0,0.0
ASPENDALE,1.65,0.0,2.0,0.0,0.0,0.0,0.0,20.0,19.0,0.0,1.0
DEEPDENE,1.65,0.0,3.0,1.0,0.0,0.0,0.0,9.0,0.0,9.0,0.0
ARDEER,1.6,0.0,3.0,0.0,0.0,0.0,0.0,14.0,14.0,0.0,0.0
POINT LONSDALE,1.6,1.0,5.0,0.0,0.0,0.0,0.0,0.0,0.0,0.0,0.0
CREMORNE,1.55,0.0,1.0,2.0,1.0,0.0,0.0,10.0,0.0,9.0,1.0
EUMEMMERRING,1.55,0.0,4.0,0.0,0.0,0.0,0.0,7.0,7.0,0.0,0.0
ALFREDTON,1.5,0.0,4.0,1.0,0.0,0.0,0.0,0.0,0.0,0.0,0.0
APOLLO BAY,1.5,2.0,3.0,1.0,1.0,0.0,0.0,0.0,0.0,0.0,0.0
WHITTINGTON,1.5,0.0,4.0,1.0,0.0,0.0,0.0,0.0,0.0,0.0,0.0
THOMSON,1.5,0.0,5.0,0.0,0.0,0.0,0.0,0.0,0.0,0.0,0.0
SEBASTOPOL,1.5,0.0,5.0,0.0,0.0,0.0,0.0,0.0,0.0,0.0,0.0
STRATHTULLOH,1.5,0.0,4.0,0.0,0.0,0.0,0.0,6.0,6.0,0.0,0.0
RIPPLESIDE,1.5,3.0,4.0,0.0,0.0,0.0,0.0,0.0,0.0,0.0,0.0
PLENTY,1.5,0.0,3.0,0.0,0.0,0.0,0.0,12.0,12.0,0.0,0.0
BARANDUDA,1.5,0.0,5.0,0.0,0.0,0.0,0.0,0.0,0.0,0.0,0.0
BELL PARK,1.5,0.0,5.0,0.0,0.0,0.0,0.0,0.0,0.0,0.0,0.0
CONNEWARRE,1.5,0.0,5.0,0.0,0.0,0.0,0.0,0.0,0.0,0.0,0.0
ALEXANDRA,1.45,1.0,2.0,2.0,1.0,0.0,0.0,1.0,1.0,0.0,0.0
COWES,1.4,1.0,4.0,0.0,1.0,0.0,0.0,0.0,0.0,0.0,0.0
CRESWICK,1.4,1.0,3.0,1.0,1.0,0.0,0.0,0.0,0.0,0.0,0.0
BONBEACH,1.4,0.0,2.0,0.0,0.0,0.0,0.0,15.0,14.0,0.0,1.0
SKIPTON,1.4,1.0,3.0,1.0,1.0,0.0,0.0,0.0,0.0,0.0,0.0
BUNYIP,1.4,1.0,3.0,1.0,1.0,0.0,0.0,0.0,0.0,0.0,0.0
KILMORE,1.4,1.0,0.0,4.0,1.0,0.0,0.0,0.0,0.0,0.0,0.0
KALORAMA,1.4,0.0,2.0,0.0,0.0,0.0,0.0,16.0,16.0,0.0,0.0
WOODEND,1.4,1.0,2.0,2.0,1.0,0.0,0.0,0.0,0.0,0.0,0.0
MONT ALBERT,1.35,0.0,0.0,0.0,0.0,0.0,0.0,26.0,19.0,6.0,1.0
NARRE WARREN EAST,1.35,0.0,2.0,1.0,0.0,0.0,0.0,9.0,9.0,0.0,0.0
LYNBROOK,1.35,0.0,2.0,0.0,0.0,0.0,0.0,15.0,15.0,0.0,0.0
BARWON HEADS,1.3,0.0,4.0,0.0,1.0,0.0,0.0,0.0,0.0,0.0,0.0
SEDDON,1.3,0.0,1.0,0.0,0.0,0.0,0.0,19.0,18.0,0.0,1.0
ANGLESEA,1.3,0.0,4.0,0.0,1.0,0.0,0.0,0.0,0.0,0.0,0.0
KIALLA,1.3,1.0,4.0,0.0,0.0,0.0,0.0,0.0,0.0,0.0,0.0
QUEENSCLIFF,1.2999999999999998,3.0,3.0,0.0,1.0,0.0,0.0,0.0,0.0,0.0,0.0
WHITTLESEA,1.2500000000000002,0.0,0.0,0.0,1.0,0.0,0.0,23.0,23.0,0.0,0.0
WINDSOR,1.25,1.0,0.0,0.0,0.0,0.0,0.0,22.0,7.0,14.0,1.0
PEARCEDALE,1.25,0.0,2.0,0.0,0.0,1.0,0.0,15.0,15.0,0.0,0.0
YALLAMBIE,1.25,0.0,1.0,1.0,0.0,0.0,0.0,13.0,13.0,0.0,0.0
LOWER PLENTY,1.25,0.0,2.0,0.0,0.0,0.0,0.0,13.0,13.0,0.0,0.0
YARRAM,1.2000000000000002,2.0,2.0,1.0,1.0,0.0,0.0,0.0,0.0,0.0,0.0
BAROOGA,1.2,0.0,4.0,0.0,0.0,0.0,0.0,0.0,0.0,0.0,0.0
EYNESBURY,1.2,0.0,4.0,0.0,0.0,0.0,0.0,0.0,0.0,0.0,0.0
TRAFALGAR,1.2,2.0,3.0,0.0,1.0,0.0,0.0,0.0,0.0,0.0,0.0
BURNLEY,1.2,0.0,3.0,0.0,0.0,0.0,0.0,5.0,0.0,4.0,1.0
EPPALOCK,1.2,0.0,4.0,0.0,0.0,0.0,0.0,0.0,0.0,0.0,0.0
METUNG,1.2,0.0,4.0,0.0,0.0,0.0,0.0,0.0,0.0,0.0,0.0
TORRUMBARRY,1.2,0.0,4.0,0.0,0.0,0.0,0.0,0.0,0.0,0.0,0.0
MOOLAP,1.2,1.0,4.0,0.0,0.0,1.0,0.0,0.0,0.0,0.0,0.0
MCKINNON,1.1500000000000001,0.0,0.0,0.0,0.0,0.0,0.0,22.0,21.0,0.0,1.0
JACANA,1.1500000000000001,0.0,1.0,0.0,0.0,0.0,0.0,17.0,17.0,0.0,0.0
EILDON,1.15,1.0,2.0,1.0,1.0,0.0,0.0,1.0,1.0,0.0,0.0
LYNDHURST,1.15,0.0,1.0,0.0,0.0,0.0,0.0,16.0,15.0,0.0,1.0
SEABROOK,1.1,0.0,2.0,0.0,0.0,0.0,0.0,10.0,10.0,0.0,0.0
FOSTER,1.1,1.0,2.0,1.0,1.0,0.0,0.0,0.0,0.0,0.0,0.0
HEATHCOTE,1.1,1.0,2.0,1.0,1.0,0.0,0.0,0.0,0.0,0.0,0.0
PENSHURST,1.1,1.0,2.0,1.0,1.0,0.0,0.0,0.0,0.0,0.0,0.0
DAYLESFORD,1.1,1.0,1.0,2.0,1.0,0.0,0.0,0.0,0.0,0.0,0.0
WOLLERT,1.1,0.0,0.0,0.0,0.0,0.0,0.0,22.0,22.0,0.0,0.0
ABERFELDIE,1.1,0.0,1.0,0.0,0.0,0.0,0.0,16.0,16.0,0.0,0.0
BRIAR HILL,1.1,0.0,1.0,0.0,0.0,0.0,0.0,16.0,16.0,0.0,0.0
TRAVANCORE,1.1,0.0,1.0,1.0,0.0,0.0,0.0,10.0,1.0,9.0,0.0
BACCHUS MARSH,1.1,1.0,1.0,2.0,1.0,0.0,0.0,0.0,0.0,0.0,0.0
KYABRAM,1.1,1.0,2.0,1.0,1.0,0.0,0.0,0.0,0.0,0.0,0.0
DIMBOOLA,1.1,1.0,2.0,1.0,1.0,0.0,0.0,0.0,0.0,0.0,0.0
DROUIN,1.0999999999999999,1.0,3.0,0.0,1.0,0.0,0.0,0.0,0.0,0.0,0.0
BUNINYONG,1.0999999999999999,1.0,3.0,0.0,1.0,0.0,0.0,0.0,0.0,0.0,0.0
CAULFIELD EAST,1.05,0.0,0.0,1.0,0.0,0.0,0.0,14.0,10.0,3.0,1.0
KINGSBURY,1.05,0.0,0.0,0.0,0.0,0.0,0.0,21.0,18.0,3.0,0.0
LYSTERFIELD,1.05,0.0,1.0,0.0,0.0,0.0,0.0,15.0,15.0,0.0,0.0
COBBLEBANK,1.0499999999999998,0.0,3.0,0.0,0.0,0.0,0.0,3.0,3.0,0.0,0.0
EAGLEMONT,1.0,0.0,2.0,0.0,0.0,0.0,0.0,7.0,6.0,0.0,1.0
RUTHERGLEN,1.0,7.0,0.0,1.0,0.0,0.0,0.0,0.0,0.0,0.0,0.0
MACEDON,1.0,0.0,2.0,1.0,1.0,0.0,0.0,0.0,0.0,0.0,0.0
CASTLEMAINE,1.0,1.0,1.0,2.0,0.0,0.0,0.0,0.0,0.0,0.0,0.0
CAPE WOOLAMAI,0.9999999999999999,1.0,3.0,0.0,0.0,0.0,0.0,0.0,0.0,0.0,0.0
BENDOC,0.9999999999999999,0.0,3.0,0.0,1.0,0.0,0.0,0.0,0.0,0.0,0.0
OFFICER,0.9500000000000001,0.0,0.0,0.0,0.0,0.0,0.0,18.0,17.0,0.0,1.0
ROCKBANK,0.95,0.0,2.0,0.0,0.0,0.0,0.0,7.0,7.0,0.0,0.0
BALACLAVA,0.9000000000000001,1.0,0.0,1.0,0.0,0.0,0.0,9.0,2.0,6.0,1.0
TOORADIN,0.9000000000000001,0.0,1.0,1.0,0.0,0.0,0.0,6.0,6.0,0.0,0.0
MANSFIELD,0.9000000000000001,2.0,1.0,1.0,1.0,0.0,0.0,0.0,0.0,0.0,0.0
HOPETOUN,0.9000000000000001,2.0,1.0,1.0,1.0,0.0,0.0,0.0,0.0,0.0,0.0
NHILL,0.9,2.0,0.0,2.0,1.0,0.0,0.0,0.0,0.0,0.0,0.0
BARINGHUP,0.8999999999999999,0.0,3.0,0.0,0.0,0.0,0.0,0.0,0.0,0.0,0.0
CALIFORNIA GULLY,0.8999999999999999,0.0,3.0,0.0,0.0,0.0,0.0,0.0,0.0,0.0,0.0
BREAKWATER,0.8999999999999999,0.0,3.0,0.0,0.0,0.0,0.0,0.0,0.0,0.0,0.0
BEACONSFIELD UPPER,0.8999999999999999,0.0,3.0,0.0,0.0,0.0,0.0,0.0,0.0,0.0,0.0
HARRIETVILLE,0.8999999999999999,0.0,3.0,0.0,0.0,0.0,0.0,0.0,0.0,0.0,0.0
CHRISTMAS HILLS,0.8999999999999999,0.0,3.0,0.0,0.0,0.0,0.0,0.0,0.0,0.0,0.0
BOTANIC RIDGE,0.8500000000000001,0.0,0.0,0.0,0.0,0.0,0.0,17.0,17.0,0.0,0.0
DONNYBROOK,0.8,0.0,2.0,0.0,0.0,0.0,0.0,4.0,4.0,0.0,0.0
GOWANBRAE,0.8,0.0,0.0,0.0,0.0,0.0,0.0,16.0,16.0,0.0,0.0
LEONGATHA,0.8,2.0,1.0,1.0,0.0,0.0,0.0,0.0,0.0,0.0,0.0
DRYSDALE,0.8,1.0,2.0,0.0,1.0,0.0,0.0,0.0,0.0,0.0,0.0
BEECHWORTH,0.8,1.0,1.0,1.0,1.0,0.0,0.0,0.0,0.0,0.0,0.0
GISBORNE,0.8,1.0,1.0,1.0,1.0,0.0,0.0,0.0,0.0,0.0,0.0
KYNETON,0.8,1.0,1.0,1.0,1.0,0.0,0.0,0.0,0.0,0.0,0.0
TALLANGATTA,0.8,1.0,1.0,1.0,1.0,0.0,0.0,0.0,0.0,0.0,0.0
DONALD,0.8,1.0,1.0,1.0,1.0,0.0,0.0,0.0,0.0,0.0,0.0
MALDON,0.8,1.0,1.0,1.0,1.0,0.0,0.0,0.0,0.0,0.0,0.0
SEASPRAY,0.7,1.0,2.0,0.0,0.0,0.0,0.0,0.0,0.0,0.0,0.0
QUAMBATOOK,0.7,0.0,2.0,0.0,1.0,0.0,0.0,0.0,0.0,0.0,0.0
HUNTLY,0.7,1.0,2.0,0.0,0.0,0.0,0.0,0.0,0.0,0.0,0.0
DRUMCONDRA,0.7,1.0,2.0,0.0,0.0,0.0,0.0,0.0,0.0,0.0,0.0
NYORA,0.7,1.0,2.0,0.0,0.0,0.0,0.0,0.0,0.0,0.0,0.0
BANGHOLME,0.65,0.0,0.0,0.0,0.0,0.0,0.0,13.0,13.0,0.0,0.0
RIPPONLEA,0.6000000000000001,0.0,0.0,0.0,0.0,0.0,0.0,11.0,6.0,4.0,1.0
YAN YEAN,0.6000000000000001,0.0,0.0,0.0,0.0,0.0,0.0,12.0,12.0,0.0,0.0
ARNOLD,0.6,0.0,2.0,0.0,0.0,0.0,0.0,0.0,0.0,0.0,0.0
ANAKIE,0.6,0.0,2.0,0.0,0.0,0.0,0.0,0.0,0.0,0.0,0.0
KALIMNA,0.6,0.0,2.0,0.0,0.0,0.0,0.0,0.0,0.0,0.0,0.0
MERRIMU,0.6,0.0,2.0,0.0,0.0,0.0,0.0,0.0,0.0,0.0,0.0
MARSHALL,0.6,0.0,2.0,0.0,0.0,0.0,0.0,0.0,0.0,0.0,0.0
BONEO,0.6,0.0,2.0,0.0,0.0,0.0,0.0,0.0,0.0,0.0,0.0
IRONBARK,0.6,0.0,2.0,0.0,0.0,0.0,0.0,0.0,0.0,0.0,0.0
NEWBRIDGE,0.6,0.0,2.0,0.0,0.0,0.0,0.0,0.0,0.0,0.0,0.0
LONGLEA,0.6,0.0,2.0,0.0,0.0,0.0,0.0,0.0,0.0,0.0,0.0
DARTMOUTH,0.6,0.0,2.0,0.0,0.0,0.0,0.0,0.0,0.0,0.0,0.0
WURRUK,0.6,0.0,2.0,0.0,0.0,0.0,0.0,0.0,0.0,0.0,0.0
MERRIGUM,0.6,0.0,2.0,0.0,0.0,0.0,0.0,0.0,0.0,0.0,0.0
DALYSTON,0.6,0.0,2.0,0.0,0.0,0.0,0.0,0.0,0.0,0.0,0.0
KNOWSLEY,0.6,0.0,2.0,0.0,0.0,0.0,0.0,0.0,0.0,0.0,0.0
CORINELLA,0.6,0.0,2.0,0.0,0.0,0.0,0.0,0.0,0.0,0.0,0.0
MADDINGLEY,0.6,0.0,1.0,1.0,0.0,0.0,0.0,0.0,0.0,0.0,0.0
CANADIAN,0.6,0.0,2.0,0.0,0.0,0.0,0.0,0.0,0.0,0.0,0.0
EUREKA,0.6,0.0,2.0,0.0,0.0,0.0,0.0,0.0,0.0,0.0,0.0
LENEVA,0.6,0.0,2.0,0.0,0.0,0.0,0.0,0.0,0.0,0.0,0.0
KINGSVILLE,0.55,0.0,0.0,0.0,0.0,0.0,0.0,11.0,11.0,0.0,0.0
BLIND BIGHT,0.55,0.0,0.0,0.0,0.0,0.0,0.0,11.0,11.0,0.0,0.0
KALLISTA,0.55,0.0,1.0,0.0,0.0,0.0,0.0,5.0,5.0,0.0,0.0
CLYDE,0.55,0.0,0.0,0.0,0.0,0.0,0.0,11.0,11.0,0.0,0.0
ATTWOOD,0.55,0.0,0.0,1.0,0.0,0.0,0.0,5.0,5.0,0.0,0.0
TRARALGON,0.5,1.0,0.0,1.0,1.0,0.0,0.0,0.0,0.0,0.0,0.0
BALLAN,0.5,1.0,0.0,1.0,1.0,0.0,0.0,0.0,0.0,0.0,0.0
LINDENOW,0.5,1.0,1.0,0.0,1.0,0.0,0.0,0.0,0.0,0.0,0.0
MORTLAKE,0.5,1.0,0.0,1.0,1.0,0.0,0.0,0.0,0.0,0.0,0.0
YARRAGON,0.5,1.0,1.0,0.0,1.0,0.0,0.0,0.0,0.0,0.0,0.0
MURTOA,0.5,1.0,0.0,1.0,1.0,0.0,0.0,0.0,0.0,0.0,0.0
KERANG,0.5,1.0,0.0,1.0,1.0,0.0,0.0,0.0,0.0,0.0,0.0
TATURA,0.5,1.0,0.0,1.0,1.0,0.0,0.0,0.0,0.0,0.0,0.0
NATIMUK,0.5,1.0,1.0,0.0,1.0,0.0,0.0,0.0,0.0,0.0,0.0
BEVERIDGE,0.45,0.0,0.0,0.0,0.0,0.0,0.0,9.0,9.0,0.0,0.0
GARDENVALE,0.45,0.0,0.0,0.0,0.0,0.0,0.0,9.0,9.0,0.0,0.0
SEVILLE,0.45,0.0,0.0,0.0,0.0,0.0,0.0,9.0,9.0,0.0,0.0
LONGWARRY,0.4,1.0,1.0,0.0,0.0,0.0,0.0,0.0,0.0,0.0,0.0
WALLAN,0.4,0.0,0.0,1.0,1.0,0.0,0.0,0.0,0.0,0.0,0.0
LOCH,0.4,0.0,1.0,0.0,1.0,0.0,0.0,0.0,0.0,0.0,0.0
GARFIELD,0.4,1.0,1.0,0.0,0.0,0.0,0.0,0.0,0.0,0.0,0.0
EPSOM,0.4,1.0,1.0,0.0,0.0,0.0,0.0,0.0,0.0,0.0,0.0
SKYE,0.4,0.0,0.0,0.0,0.0,0.0,0.0,8.0,8.0,0.0,0.0
BRANXHOLME,0.4,0.0,1.0,0.0,1.0,0.0,0.0,0.0,0.0,0.0,0.0
ROMSEY,0.4,1.0,1.0,0.0,0.0,0.0,0.0,0.0,0.0,0.0,0.0
SANDHURST,0.4,0.0,0.0,0.0,0.0,0.0,0.0,8.0,8.0,0.0,0.0
GREAT WESTERN,0.4,4.0,0.0,0.0,0.0,0.0,0.0,0.0,0.0,0.0,0.0
KINGLAKE,0.35,0.0,1.0,0.0,0.0,0.0,0.0,1.0,1.0,0.0,0.0
HUNTINGDALE,0.30000000000000004,0.0,0.0,0.0,0.0,0.0,0.0,6.0,6.0,0.0,0.0
WINTER VALLEY,0.3,0.0,1.0,0.0,0.0,0.0,0.0,0.0,0.0,0.0,0.0
MAMBOURIN,0.3,0.0,1.0,0.0,0.0,0.0,0.0,0.0,0.0,0.0,0.0
BONNIE BROOK,0.3,0.0,1.0,0.0,0.0,0.0,0.0,0.0,0.0,0.0,0.0
STRATHMERTON,0.3,0.0,1.0,0.0,0.0,0.0,0.0,0.0,0.0,0.0,0.0
ARCHERTON,0.3,0.0,1.0,0.0,0.0,0.0,0.0,0.0,0.0,0.0,0.0
SWAN REACH,0.3,0.0,1.0,0.0,0.0,0.0,0.0,0.0,0.0,0.0,0.0
TAWONGA SOUTH,0.3,0.0,1.0,0.0,0.0,0.0,0.0,0.0,0.0,0.0,0.0
THOONA,0.3,0.0,1.0,0.0,0.0,0.0,0.0,0.0,0.0,0.0,0.0
EASTWOOD,0.3,0.0,1.0,0.0,0.0,0.0,0.0,0.0,0.0,0.0,0.0
NEW GISBORNE,0.3,0.0,1.0,0.0,0.0,0.0,0.0,0.0,0.0,0.0,0.0
REDAN,0.3,0.0,1.0,0.0,0.0,0.0,0.0,0.0,0.0,0.0,0.0
DUMBALK,0.3,0.0,1.0,0.0,0.0,0.0,0.0,0.0,0.0,0.0,0.0
HEXHAM,0.3,0.0,1.0,0.0,0.0,0.0,0.0,0.0,0.0,0.0,0.0
BELLBRAE,0.3,0.0,1.0,0.0,0.0,0.0,0.0,0.0,0.0,0.0,0.0
DRIFFIELD,0.3,0.0,1.0,0.0,0.0,0.0,0.0,0.0,0.0,0.0,0.0
NEWINGTON,0.3,0.0,1.0,0.0,0.0,0.0,0.0,0.0,0.0,0.0,0.0
LAKE GARDENS,0.3,0.0,1.0,0.0,0.0,0.0,0.0,0.0,0.0,0.0,0.0
DELACOMBE,0.3,0.0,1.0,0.0,0.0,0.0,0.0,0.0,0.0,0.0,0.0
STRATHFIELDSAYE,0.3,0.0,1.0,0.0,0.0,0.0,0.0,0.0,0.0,0.0,0.0
CURLEWIS,0.3,0.0,1.0,0.0,0.0,0.0,0.0,0.0,0.0,0.0,0.0
MOUNT MACEDON,0.3,0.0,1.0,0.0,0.0,0.0,0.0,0.0,0.0,0.0,0.0
MERRIJIG,0.3,0.0,1.0,0.0,0.0,0.0,0.0,0.0,0.0,0.0,0.0
MAINDAMPLE,0.3,0.0,1.0,0.0,0.0,0.0,0.0,0.0,0.0,0.0,0.0
MURRAYDALE,0.3,0.0,1.0,0.0,0.0,0.0,0.0,0.0,0.0,0.0,0.0
BARKERS CREEK,0.3,0.0,1.0,0.0,0.0,0.0,0.0,0.0,0.0,0.0,0.0
NERRINA,0.3,0.0,1.0,0.0,0.0,0.0,0.0,0.0,0.0,0.0,0.0
HAWKESDALE,0.3,0.0,0.0,1.0,0.0,0.0,0.0,0.0,0.0,0.0,0.0
KENNINGTON,0.3,0.0,1.0,0.0,0.0,0.0,0.0,0.0,0.0,0.0,0.0
HATTAH,0.3,0.0,1.0,0.0,0.0,0.0,0.0,0.0,0.0,0.0,0.0
STRATHDALE,0.3,0.0,0.0,1.0,0.0,0.0,0.0,0.0,0.0,0.0,0.0
LUCAS,0.3,0.0,1.0,0.0,0.0,0.0,0.0,0.0,0.0,0.0,0.0
TALLYGAROOPNA,0.3,0.0,1.0,0.0,0.0,0.0,0.0,0.0,0.0,0.0,0.0
RED HILL,0.3,0.0,1.0,0.0,0.0,0.0,0.0,0.0,0.0,0.0,0.0
PEECHELBA,0.3,0.0,1.0,0.0,0.0,0.0,0.0,0.0,0.0,0.0,0.0
WATERWAYS,0.25,0.0,0.0,0.0,0.0,0.0,0.0,5.0,5.0,0.0,0.0
CHARLTON,0.2,1.0,0.0,0.0,1.0,0.0,0.0,0.0,0.0,0.0,0.0
TANGAMBALANGA,0.2,1.0,0.0,0.0,1.0,0.0,0.0,0.0,0.0,0.0,0.0
KALKALLO,0.2,0.0,0.0,0.0,0.0,0.0,0.0,4.0,4.0,0.0,0.0
LANCEFIELD,0.2,0.0,0.0,0.0,2.0,0.0,0.0,0.0,0.0,0.0,0.0
TONGALA,0.2,1.0,0.0,0.0,1.0,0.0,0.0,0.0,0.0,0.0,0.0
DEANSIDE,0.1,0.0,0.0,0.0,0.0,0.0,0.0,2.0,2.0,0.0,0.0
BROADFORD,0.1,1.0,0.0,0.0,1.0,1.0,0.0,0.0,0.0,0.0,0.0
MYRNIONG,0.1,1.0,0.0,0.0,0.0,0.0,0.0,0.0,0.0,0.0,0.0
GUILDFORD,0.1,1.0,0.0,0.0,0.0,0.0,0.0,0.0,0.0,0.0,0.0
RIDDELLS CREEK,0.1,0.0,0.0,0.0,1.0,0.0,0.0,0.0,0.0,0.0,0.0
BANNOCKBURN,0.1,0.0,0.0,0.0,1.0,0.0,0.0,0.0,0.0,0.0,0.0
FORREST,0.1,0.0,0.0,0.0,1.0,0.0,0.0,0.0,0.0,0.0,0.0
YINNAR,0.1,1.0,0.0,0.0,0.0,0.0,0.0,0.0,0.0,0.0,0.0
TALLAROOK,0.1,0.0,0.0,0.0,1.0,0.0,0.0,0.0,0.0,0.0,0.0
ALTONA EAST,0.0,0.0,0.0,0.0,0.0,0.0,0.0,0.0,0.0,0.0,0.0
BRUNSWICK SOUTH,0.0,0.0,0.0,0.0,0.0,0.0,0.0,0.0,0.0,0.0,0.0
COCOROC,0.0,0.0,0.0,0.0,0.0,0.0,0.0,0.0,0.0,0.0,0.0
FOUNTAIN GATE,0.0,0.0,0.0,0.0,0.0,0.0,0.0,0.0,0.0,0.0,0.0
CHARLEMONT,0.0,0.0,0.0,0.0,0.0,0.0,0.0,0.0,0.0,0.0,0.0
FIELDSTONE,0.0,0.0,0.0,0.0,0.0,0.0,0.0,0.0,0.0,0.0,0.0
BATMAN,0.0,0.0,0.0,0.0,0.0,0.0,0.0,0.0,0.0,0.0,0.0
BRANDON PARK,0.0,0.0,0.0,0.0,0.0,0.0,0.0,0.0,0.0,0.0,0.0
AUBURN,0.0,0.0,0.0,0.0,0.0,0.0,0.0,0.0,0.0,0.0,0.0
CROSS KEYS,0.0,0.0,0.0,0.0,0.0,0.0,0.0,0.0,0.0,0.0,0.0
CAULFIELD JUNCTION,0.0,0.0,0.0,0.0,0.0,0.0,0.0,0.0,0.0,0.0,0.0
ANGLERS REST,0.0,0.0,0.0,0.0,0.0,0.0,0.0,0.0,0.0,0.0,0.0
BOORAN ROAD PO,0.0,0.0,0.0,0.0,0.0,0.0,0.0,0.0,0.0,0.0,0.0
FINGAL,0.0,0.0,0.0,0.0,0.0,0.0,0.0,0.0,0.0,0.0,0.0
GARDEN CITY,0.0,0.0,0.0,0.0,0.0,0.0,0.0,0.0,0.0,0.0,0.0
ARTHURS SEAT,0.0,0.0,0.0,0.0,0.0,0.0,0.0,0.0,0.0,0.0,0.0
ADAMS ESTATE,0.0,0.0,0.0,0.0,0.0,0.0,0.0,0.0,0.0,0.0,0.0
ANDERSON,0.0,0.0,0.0,0.0,0.0,0.0,0.0,0.0,0.0,0.0,0.0
GRANTVILLE,0.0,0.0,0.0,0.0,0.0,0.0,0.0,0.0,0.0,0.0,0.0
BONSHAW,0.0,0.0,0.0,0.0,0.0,0.0,0.0,0.0,0.0,0.0,0.0
ADDINGTON,0.0,0.0,0.0,0.0,0.0,0.0,0.0,0.0,0.0,0.0,0.0
GILBERTON,0.0,0.0,0.0,0.0,0.0,0.0,0.0,0.0,0.0,0.0,0.0
ALLAMBEE RESERVE,0.0,0.0,0.0,0.0,0.0,0.0,0.0,0.0,0.0,0.0,0.0
HOTHAM HILL,0.0,0.0,0.0,0.0,0.0,0.0,0.0,0.0,0.0,0.0,0.0
KUNYUNG,0.0,0.0,0.0,0.0,0.0,0.0,0.0,0.0,0.0,0.0,0.0
KNOX CITY CENTRE,0.0,0.0,0.0,0.0,0.0,0.0,0.0,0.0,0.0,0.0,0.0
BRENTFORD SQUARE,0.0,0.0,0.0,0.0,0.0,0.0,0.0,0.0,0.0,0.0,0.0
BEDFORD ROAD,0.0,0.0,0.0,0.0,0.0,0.0,0.0,0.0,0.0,0.0,0.0
MONEGEETTA,0.0,0.0,0.0,0.0,0.0,0.0,0.0,0.0,0.0,0.0,0.0
CHINTIN,0.0,0.0,0.0,0.0,0.0,0.0,0.0,0.0,0.0,0.0,0.0
CARDROSS,0.0,0.0,0.0,0.0,0.0,0.0,0.0,0.0,0.0,0.0,0.0
KOORNALLA,0.0,0.0,0.0,0.0,0.0,0.0,0.0,0.0,0.0,0.0,0.0
ELLASWOOD,0.0,0.0,0.0,0.0,0.0,0.0,0.0,0.0,0.0,0.0,0.0
HEATHWOOD,0.0,0.0,0.0,0.0,0.0,0.0,0.0,0.0,0.0,0.0,0.0
BATHUMI,0.0,0.0,0.0,0.0,0.0,0.0,0.0,0.0,0.0,0.0,0.0
ADELAIDE LEAD,0.0,0.0,0.0,0.0,0.0,0.0,0.0,0.0,0.0,0.0,0.0
DOOBOOBETIC,0.0,0.0,0.0,0.0,0.0,0.0,0.0,0.0,0.0,0.0,0.0
MURMUNGEE,0.0,0.0,0.0,0.0,0.0,0.0,0.0,0.0,0.0,0.0,0.0
CALDER PARK,0.0,0.0,0.0,0.0,0.0,0.0,0.0,0.0,0.0,0.0,0.0
FYANSFORD,0.0,0.0,0.0,0.0,0.0,0.0,0.0,0.0,0.0,0.0,0.0
CARDINIA,0.0,0.0,0.0,0.0,0.0,0.0,0.0,0.0,0.0,0.0,0.0
BIG HILL,0.0,0.0,0.0,0.0,0.0,0.0,0.0,0.0,0.0,0.0,0.0
BAYLES,0.0,0.0,0.0,0.0,0.0,0.0,0.0,0.0,0.0,0.0,0.0
JUNORTOUN,0.0,0.0,0.0,0.0,0.0,0.0,0.0,0.0,0.0,0.0,0.0
BULLARTO,0.0,0.0,0.0,0.0,0.0,0.0,0.0,0.0,0.0,0.0,0.0
ALLESTREE,0.0,0.0,0.0,0.0,0.0,0.0,0.0,0.0,0.0,0.0,0.0
GERRIGERRUP,0.0,0.0,0.0,0.0,0.0,0.0,0.0,0.0,0.0,0.0,0.0
BERRINGA,0.0,0.0,0.0,0.0,0.0,0.0,0.0,0.0,0.0,0.0,0.0
BARNAWARTHA,0.0,0.0,0.0,0.0,0.0,0.0,0.0,0.0,0.0,0.0,0.0
POOTILLA,0.0,0.0,0.0,0.0,0.0,0.0,0.0,0.0,0.0,0.0,0.0
CODRINGTON,0.0,0.0,0.0,0.0,0.0,0.0,0.0,0.0,0.0,0.0,0.0
CARDIGAN,0.0,0.0,0.0,0.0,0.0,0.0,0.0,0.0,0.0,0.0,0.0
SCOTSBURN,0.0,0.0,0.0,0.0,0.0,0.0,0.0,0.0,0.0,0.0,0.0
BUNGAREE,0.0,0.0,0.0,0.0,0.0,0.0,0.0,0.0,0.0,0.0,0.0
FLOWERDALE,0.0,0.0,0.0,0.0,0.0,0.0,0.0,0.0,0.0,0.0,0.0
LABERTOUCHE,0.0,0.0,0.0,0.0,0.0,0.0,0.0,0.0,0.0,0.0,0.0
ORFORD,0.0,0.0,0.0,0.0,0.0,0.0,0.0,0.0,0.0,0.0,0.0
ARMSTRONG CREEK,0.0,0.0,0.0,0.0,0.0,0.0,0.0,0.0,0.0,0.0,0.0
BELLARINE,0.0,0.0,0.0,0.0,0.0,0.0,0.0,0.0,0.0,0.0,0.0
DARLEY,0.0,0.0,0.0,0.0,0.0,0.0,0.0,0.0,0.0,0.0,0.0
CASTLE DONNINGTON,0.0,0.0,0.0,0.0,0.0,0.0,0.0,0.0,0.0,0.0,0.0
KADNOOK,0.0,0.0,0.0,0.0,0.0,0.0,0.0,0.0,0.0,0.0,0.0
EAGLE POINT,0.0,0.0,0.0,0.0,0.0,0.0,0.0,0.0,0.0,0.0,0.0
AIRLY,0.0,0.0,0.0,0.0,0.0,0.0,0.0,0.0,0.0,0.0,0.0
ARCADIA,0.0,0.0,0.0,0.0,0.0,0.0,0.0,0.0,0.0,0.0,0.0
PLUMPTON,0.0,0.0,0.0,0.0,0.0,0.0,0.0,0.0,0.0,0.0,0.0
BYLANDS,0.0,0.0,0.0,0.0,0.0,0.0,0.0,0.0,0.0,0.0,0.0
CARLISLE RIVER,0.0,0.0,0.0,0.0,0.0,0.0,0.0,0.0,0.0,0.0,0.0
CALLIGNEE,0.0,0.0,0.0,0.0,0.0,0.0,0.0,0.0,0.0,0.0,0.0
BUXTON,0.0,0.0,0.0,0.0,0.0,1.0,0.0,2.0,2.0,0.0,0.0
EXFORD,0.0,0.0,0.0,0.0,0.0,0.0,0.0,0.0,0.0,0.0,0.0
BAMAWM EXTENSION,0.0,0.0,0.0,0.0,0.0,0.0,0.0,0.0,0.0,0.0,0.0
MARENGO,0.0,0.0,0.0,0.0,0.0,0.0,0.0,0.0,0.0,0.0,0.0
BARUNAH PARK,0.0,0.0,0.0,0.0,0.0,0.0,0.0,0.0,0.0,0.0,0.0
